Workbook

Sheet Резервации 2026
A1: Агент | B1: Дни слаб | C1: Дни среден | D1: Дни силен | E1: Номер | F1: Референтен номер | G1: Пристигане | H1: Date | I1: Month | J1: Заминаване | K1: Date | L1: Month | M1: Престой | N1: ABS | O1: Дни стартиращ месец | P1: Дни прикл месец | Q1: Компания | R1: Тип стая на пристигане | S1: Възрастни | T1: Деца | U1: Начисления за стая | V1: ADR | W1: Държава | X1: Създадена на | Y1: Референтна дата | Z1: Месец на резервацията | AA1: May | AB1: Jun | AC1: Jul | AD1: Aug | AE1: Sep | AF1: Total | AG1: Check | AH1: Date Res | AI1: WeekNumber | AJ1: StartDate | AK1: WeekStay | AL1: Анулирана | AM1: Начисления за стая без ДДС | AN1: ADR без ДДС
A2: =VLOOKUP(Q2,'Data validation'!$K$2:$L$50,2,FALSE) -> INDIVIDUAL | B2: =AA2+IF(I2="Jun",IF(_xlfn.NUMBERVALUE(H2)>14,0,IF(_xlfn.NUMBERVALUE(K2)<14,M2,15-_xlfn.NUMBERVALUE(H2))),0) -> 0 | C2: =M2-B2-D2 -> 0 | D2: =IF(L2="Jul",IF(_xlfn.NUMBERVALUE(K2)<11,0,IF(I2="Jul",IF(_xlfn.NUMBERVALUE(H2)>11,M2,_xlfn.NUMBERVALUE(K2)-11),0)),0)+IF(L2="Aug",IF(_xlfn.NUMBERVALUE(K2)>24,IF(_xlfn.NUMBERVALUE(H2)>24,0,25-_xlfn.NUMBERVALUE(H2)),IF(I2="Aug",M2,_xlfn.NUMBERVALUE(K2)-1+32-_xlfn.NUMBERVALUE(H2))),0) -> 5 | E2: 9775 | F2: 12122025 | G2: 18 Aug 2026 | H2: =LEFT(G2,2) -> 18 | I2: =MID(G2,4,3) -> Aug | J2: 23 Aug 2026 | K2: =LEFT(J2,2) -> 23 | L2: =MID(J2,4,3) -> Aug | M2: 5 | N2: =+K2-H2 -> 5 | O2: =IF(I2=L2,0,31-H2) -> 0 | P2: =IF(I2=L2,0,K2-1) -> 0 | Q2: INDIVIDUAL | R2: APP1-SEA | S2: 2 | T2: 3 | U2: 2637.679 | V2: 527.5358 | X2: 27 Jan 2026 13:20 | Y2: 27 Jan 2026 | Z2: =MID(X2,4,3) -> Jan | AA2: =IF($I2=AA$1,IF($L2=AA$1,$M2,$O2),IF($L2=AA$1,$P2,0)) -> 0 | AB2: =IF($I2=AB$1,IF($L2=AB$1,$M2,$O2),IF($L2=AB$1,$P2,0)) -> 0 | AC2: =IF($I2=AC$1,IF($L2=AC$1,$M2,$O2),IF($L2=AC$1,$P2,0)) -> 0 | AD2: =IF($I2=AD$1,IF($L2=AD$1,$M2,$O2),IF($L2=AD$1,$P2,0)) -> 5 | AE2: =IF($I2=AE$1,IF($L2=AE$1,$M2,$O2),IF($L2=AE$1,$P2,0)) -> 0 | AF2: =SUM(AA2:AE2) -> 5 | AG2: =+AF2-M2 -> 0 | AH2: =LEFT(X2,2)&"."&VLOOKUP(MID(X2,4,3),'Data validation'!$A$1:$B$12,2,FALSE)&".2025" -> 27.01.2025 | AI2: =WEEKNUM(AH2) -> 5 | AJ2: =H2&"."&VLOOKUP(I2,'Data validation'!$A$1:$B$12,2,FALSE)&".2026" -> 18.08.2026 | AK2: =WEEKNUM(AJ2) -> 34 | AL2: =VLOOKUP(E2,[2]Sheet1!$A:$B,2,FALSE) -> #N/A
A3: =VLOOKUP(Q3,'Data validation'!$K$2:$L$50,2,FALSE) -> BOOKING | B3: =AA3+IF(I3="Jun",IF(_xlfn.NUMBERVALUE(H3)>14,0,IF(_xlfn.NUMBERVALUE(K3)<14,M3,15-_xlfn.NUMBERVALUE(H3))),0) -> 2 | C3: =M3-B3-D3 -> 1 | D3: =IF(L3="Jul",IF(_xlfn.NUMBERVALUE(K3)<11,0,IF(I3="Jul",IF(_xlfn.NUMBERVALUE(H3)>11,M3,_xlfn.NUMBERVALUE(K3)-11),0)),0)+IF(L3="Aug",IF(_xlfn.NUMBERVALUE(K3)>24,IF(_xlfn.NUMBERVALUE(H3)>24,0,25-_xlfn.NUMBERVALUE(H3)),IF(I3="Aug",M3,_xlfn.NUMBERVALUE(K3)-1+32-_xlfn.NUMBERVALUE(H3))),0) -> 0 | E3: 9413 | F3: 6652855982 | G3: 29 May 2026 | H3: =LEFT(G3,2) -> 29 | I3: =MID(G3,4,3) -> May | J3: 01 Jun 2026 | K3: =LEFT(J3,2) -> 01 | L3: =MID(J3,4,3) -> Jun | M3: 3 | N3: =+K3-H3 -> -28 | O3: =IF(I3=L3,0,31-H3) -> 2 | P3: =IF(I3=L3,0,K3-1) -> 0 | Q3: BOOKING | R3: APP2-POOL | S3: 2 | T3: 3 | U3: 1264.471 | V3: 421.49034 | W3: Romania | X3: 09 Jan 2026 18:54 | Y3: 09 Jan 2026 | Z3: =MID(X3,4,3) -> Jan | AA3: =IF($I3=AA$1,IF($L3=AA$1,$M3,$O3),IF($L3=AA$1,$P3,0)) -> 2 | AB3: =IF($I3=AB$1,IF($L3=AB$1,$M3,$O3),IF($L3=AB$1,$P3,0)) -> 0 | AC3: =IF($I3=AC$1,IF($L3=AC$1,$M3,$O3),IF($L3=AC$1,$P3,0)) -> 0 | AD3: =IF($I3=AD$1,IF($L3=AD$1,$M3,$O3),IF($L3=AD$1,$P3,0)) -> 0 | AE3: =IF($I3=AE$1,IF($L3=AE$1,$M3,$O3),IF($L3=AE$1,$P3,0)) -> 0 | AF3: =SUM(AA3:AE3) -> 2 | AG3: =+AF3-M3 -> -1 | AH3: =LEFT(X3,2)&"."&VLOOKUP(MID(X3,4,3),'Data validation'!$A$1:$B$12,2,FALSE)&".2025" -> 09.01.2025 | AI3: =WEEKNUM(AH3) -> 2 | AJ3: =H3&"."&VLOOKUP(I3,'Data validation'!$A$1:$B$12,2,FALSE)&".2026" -> 29.05.2026 | AK3: =WEEKNUM(AJ3) -> 22 | AL3: =VLOOKUP(E3,[2]Sheet1!$A:$B,2,FALSE) -> #N/A
A4: =VLOOKUP(Q4,'Data validation'!$K$2:$L$50,2,FALSE) -> TO | B4: =AA4+IF(I4="Jun",IF(_xlfn.NUMBERVALUE(H4)>14,0,IF(_xlfn.NUMBERVALUE(K4)<14,M4,15-_xlfn.NUMBERVALUE(H4))),0) -> 0 | C4: =M4-B4-D4 -> 7 | D4: =IF(L4="Jul",IF(_xlfn.NUMBERVALUE(K4)<11,0,IF(I4="Jul",IF(_xlfn.NUMBERVALUE(H4)>11,M4,_xlfn.NUMBERVALUE(K4)-11),0)),0)+IF(L4="Aug",IF(_xlfn.NUMBERVALUE(K4)>24,IF(_xlfn.NUMBERVALUE(H4)>24,0,25-_xlfn.NUMBERVALUE(H4)),IF(I4="Aug",M4,_xlfn.NUMBERVALUE(K4)-1+32-_xlfn.NUMBERVALUE(H4))),0) -> 0 | E4: 9620 | F4: 3896 | G4: 23 Jun 2026 | H4: =LEFT(G4,2) -> 23 | I4: =MID(G4,4,3) -> Jun | J4: 30 Jun 2026 | K4: =LEFT(J4,2) -> 30 | L4: =MID(J4,4,3) -> Jun | M4: 7 | N4: =+K4-H4 -> 7 | O4: =IF(I4=L4,0,31-H4) -> 0 | P4: =IF(I4=L4,0,K4-1) -> 0 | Q4: ТЕДИ - КАМ - ЕООД | R4: ROOM-DELUXE | S4: 2 | T4: 2 | U4: =SUMIFS(TediKam!L:L,TediKam!D:D,'Резервации 2026'!E4) -> 2483.8845 | V4: =+U4/M4 -> 354.84065 | W4: Romania | X4: 21 Jan 2026 10:39 | Y4: 20 Jan 2026 | Z4: =MID(X4,4,3) -> Jan | AA4: =IF($I4=AA$1,IF($L4=AA$1,$M4,$O4),IF($L4=AA$1,$P4,0)) -> 0 | AB4: =IF($I4=AB$1,IF($L4=AB$1,$M4,$O4),IF($L4=AB$1,$P4,0)) -> 7 | AC4: =IF($I4=AC$1,IF($L4=AC$1,$M4,$O4),IF($L4=AC$1,$P4,0)) -> 0 | AD4: =IF($I4=AD$1,IF($L4=AD$1,$M4,$O4),IF($L4=AD$1,$P4,0)) -> 0 | AE4: =IF($I4=AE$1,IF($L4=AE$1,$M4,$O4),IF($L4=AE$1,$P4,0)) -> 0 | AF4: =SUM(AA4:AE4) -> 7 | AG4: =+AF4-M4 -> 0 | AH4: =LEFT(X4,2)&"."&VLOOKUP(MID(X4,4,3),'Data validation'!$A$1:$B$12,2,FALSE)&".2025" -> 21.01.2025 | AI4: =WEEKNUM(AH4) -> 4 | AJ4: =H4&"."&VLOOKUP(I4,'Data validation'!$A$1:$B$12,2,FALSE)&".2026" -> 23.06.2026 | AK4: =WEEKNUM(AJ4) -> 26 | AL4: =VLOOKUP(E4,[2]Sheet1!$A:$B,2,FALSE) -> #N/A
A5: =VLOOKUP(Q5,'Data validation'!$K$2:$L$50,2,FALSE) -> TO | B5: =AA5+IF(I5="Jun",IF(_xlfn.NUMBERVALUE(H5)>14,0,IF(_xlfn.NUMBERVALUE(K5)<14,M5,15-_xlfn.NUMBERVALUE(H5))),0) -> 0 | C5: =M5-B5-D5 -> 5 | D5: =IF(L5="Jul",IF(_xlfn.NUMBERVALUE(K5)<11,0,IF(I5="Jul",IF(_xlfn.NUMBERVALUE(H5)>11,M5,_xlfn.NUMBERVALUE(K5)-11),0)),0)+IF(L5="Aug",IF(_xlfn.NUMBERVALUE(K5)>24,IF(_xlfn.NUMBERVALUE(H5)>24,0,25-_xlfn.NUMBERVALUE(H5)),IF(I5="Aug",M5,_xlfn.NUMBERVALUE(K5)-1+32-_xlfn.NUMBERVALUE(H5))),0) -> 0 | E5: 8231 | F5: 1173107.220477 | G5: 04 Jul 2026 | H5: =LEFT(G5,2) -> 04 | I5: =MID(G5,4,3) -> Jul | J5: 09 Jul 2026 | K5: =LEFT(J5,2) -> 09 | L5: =MID(J5,4,3) -> Jul | M5: 5 | N5: =+K5-H5 -> 5 | O5: =IF(I5=L5,0,31-H5) -> 0 | P5: =IF(I5=L5,0,K5-1) -> 0 | Q5: СЛР-ХОЛИДЕЙ-СЪРВИС ЕООД | R5: ROOM-SEA | S5: 2 | T5: 0 | U5: =SUMIFS(SLR!L:L,SLR!D:D,'Резервации 2026'!E5) -> 1238.1382 | V5: =+U5/M5 -> 247.62764 | W5: Romania | X5: 07 Nov 2025 22:18 | Y5: 07 Nov 2025 | Z5: =MID(X5,4,3) -> Nov | AA5: =IF($I5=AA$1,IF($L5=AA$1,$M5,$O5),IF($L5=AA$1,$P5,0)) -> 0 | AB5: =IF($I5=AB$1,IF($L5=AB$1,$M5,$O5),IF($L5=AB$1,$P5,0)) -> 0 | AC5: =IF($I5=AC$1,IF($L5=AC$1,$M5,$O5),IF($L5=AC$1,$P5,0)) -> 5 | AD5: =IF($I5=AD$1,IF($L5=AD$1,$M5,$O5),IF($L5=AD$1,$P5,0)) -> 0 | AE5: =IF($I5=AE$1,IF($L5=AE$1,$M5,$O5),IF($L5=AE$1,$P5,0)) -> 0 | AF5: =SUM(AA5:AE5) -> 5 | AG5: =+AF5-M5 -> 0 | AH5: =LEFT(X5,2)&"."&VLOOKUP(MID(X5,4,3),'Data validation'!$A$1:$B$12,2,FALSE)&".2025" -> 07.11.2025 | AI5: =WEEKNUM(AH5) -> 45 | AJ5: =H5&"."&VLOOKUP(I5,'Data validation'!$A$1:$B$12,2,FALSE)&".2026" -> 04.07.2026 | AK5: =WEEKNUM(AJ5) -> 27 | AL5: =VLOOKUP(E5,[2]Sheet1!$A:$B,2,FALSE) -> #N/A
A6: =VLOOKUP(Q6,'Data validation'!$K$2:$L$50,2,FALSE) -> TO | B6: =AA6+IF(I6="Jun",IF(_xlfn.NUMBERVALUE(H6)>14,0,IF(_xlfn.NUMBERVALUE(K6)<14,M6,15-_xlfn.NUMBERVALUE(H6))),0) -> 0 | C6: =M6-B6-D6 -> 0 | D6: =IF(L6="Jul",IF(_xlfn.NUMBERVALUE(K6)<11,0,IF(I6="Jul",IF(_xlfn.NUMBERVALUE(H6)>11,M6,_xlfn.NUMBERVALUE(K6)-11),0)),0)+IF(L6="Aug",IF(_xlfn.NUMBERVALUE(K6)>24,IF(_xlfn.NUMBERVALUE(H6)>24,0,25-_xlfn.NUMBERVALUE(H6)),IF(I6="Aug",M6,_xlfn.NUMBERVALUE(K6)-1+32-_xlfn.NUMBERVALUE(H6))),0) -> 6 | E6: 8238 | F6: 1173268.220507 | G6: 11 Jul 2026 | H6: =LEFT(G6,2) -> 11 | I6: =MID(G6,4,3) -> Jul | J6: 17 Jul 2026 | K6: =LEFT(J6,2) -> 17 | L6: =MID(J6,4,3) -> Jul | M6: 6 | N6: =+K6-H6 -> 6 | O6: =IF(I6=L6,0,31-H6) -> 0 | P6: =IF(I6=L6,0,K6-1) -> 0 | Q6: СЛР-ХОЛИДЕЙ-СЪРВИС ЕООД | R6: APP1-POOL | S6: 2 | T6: 2 | U6: =SUMIFS(SLR!L:L,SLR!D:D,'Резервации 2026'!E6) -> 2050.9225 | V6: =+U6/M6 -> 341.82041 | W6: Romania | X6: 08 Nov 2025 19:00 | Y6: 08 Nov 2025 | Z6: =MID(X6,4,3) -> Nov | AA6: =IF($I6=AA$1,IF($L6=AA$1,$M6,$O6),IF($L6=AA$1,$P6,0)) -> 0 | AB6: =IF($I6=AB$1,IF($L6=AB$1,$M6,$O6),IF($L6=AB$1,$P6,0)) -> 0 | AC6: =IF($I6=AC$1,IF($L6=AC$1,$M6,$O6),IF($L6=AC$1,$P6,0)) -> 6 | AD6: =IF($I6=AD$1,IF($L6=AD$1,$M6,$O6),IF($L6=AD$1,$P6,0)) -> 0 | AE6: =IF($I6=AE$1,IF($L6=AE$1,$M6,$O6),IF($L6=AE$1,$P6,0)) -> 0 | AF6: =SUM(AA6:AE6) -> 6 | AG6: =+AF6-M6 -> 0 | AH6: =LEFT(X6,2)&"."&VLOOKUP(MID(X6,4,3),'Data validation'!$A$1:$B$12,2,FALSE)&".2025" -> 08.11.2025 | AI6: =WEEKNUM(AH6) -> 45 | AJ6: =H6&"."&VLOOKUP(I6,'Data validation'!$A$1:$B$12,2,FALSE)&".2026" -> 11.07.2026 | AK6: =WEEKNUM(AJ6) -> 28 | AL6: =VLOOKUP(E6,[2]Sheet1!$A:$B,2,FALSE) -> #N/A
A7: =VLOOKUP(Q7,'Data validation'!$K$2:$L$50,2,FALSE) -> TO | B7: =AA7+IF(I7="Jun",IF(_xlfn.NUMBERVALUE(H7)>14,0,IF(_xlfn.NUMBERVALUE(K7)<14,M7,15-_xlfn.NUMBERVALUE(H7))),0) -> 0 | C7: =M7-B7-D7 -> 0 | D7: =IF(L7="Jul",IF(_xlfn.NUMBERVALUE(K7)<11,0,IF(I7="Jul",IF(_xlfn.NUMBERVALUE(H7)>11,M7,_xlfn.NUMBERVALUE(K7)-11),0)),0)+IF(L7="Aug",IF(_xlfn.NUMBERVALUE(K7)>24,IF(_xlfn.NUMBERVALUE(H7)>24,0,25-_xlfn.NUMBERVALUE(H7)),IF(I7="Aug",M7,_xlfn.NUMBERVALUE(K7)-1+32-_xlfn.NUMBERVALUE(H7))),0) -> 5 | E7: 8230 | F7: 1173106.220476 | G7: 19 Jul 2026 | H7: =LEFT(G7,2) -> 19 | I7: =MID(G7,4,3) -> Jul | J7: 24 Jul 2026 | K7: =LEFT(J7,2) -> 24 | L7: =MID(J7,4,3) -> Jul | M7: 5 | N7: =+K7-H7 -> 5 | O7: =IF(I7=L7,0,31-H7) -> 0 | P7: =IF(I7=L7,0,K7-1) -> 0 | Q7: СЛР-ХОЛИДЕЙ-СЪРВИС ЕООД | R7: APP1-DELUXE | S7: 2 | T7: 2 | U7: =SUMIFS(SLR!L:L,SLR!D:D,'Резервации 2026'!E7) -> 1937.9342 | V7: =+U7/M7 -> 387.58683 | W7: Romania | X7: 07 Nov 2025 22:13 | Y7: 07 Nov 2025 | Z7: =MID(X7,4,3) -> Nov | AA7: =IF($I7=AA$1,IF($L7=AA$1,$M7,$O7),IF($L7=AA$1,$P7,0)) -> 0 | AB7: =IF($I7=AB$1,IF($L7=AB$1,$M7,$O7),IF($L7=AB$1,$P7,0)) -> 0 | AC7: =IF($I7=AC$1,IF($L7=AC$1,$M7,$O7),IF($L7=AC$1,$P7,0)) -> 5 | AD7: =IF($I7=AD$1,IF($L7=AD$1,$M7,$O7),IF($L7=AD$1,$P7,0)) -> 0 | AE7: =IF($I7=AE$1,IF($L7=AE$1,$M7,$O7),IF($L7=AE$1,$P7,0)) -> 0 | AF7: =SUM(AA7:AE7) -> 5 | AG7: =+AF7-M7 -> 0 | AH7: =LEFT(X7,2)&"."&VLOOKUP(MID(X7,4,3),'Data validation'!$A$1:$B$12,2,FALSE)&".2025" -> 07.11.2025 | AI7: =WEEKNUM(AH7) -> 45 | AJ7: =H7&"."&VLOOKUP(I7,'Data validation'!$A$1:$B$12,2,FALSE)&".2026" -> 19.07.2026 | AK7: =WEEKNUM(AJ7) -> 30 | AL7: =VLOOKUP(E7,[2]Sheet1!$A:$B,2,FALSE) -> #N/A
A8: =VLOOKUP(Q8,'Data validation'!$K$2:$L$50,2,FALSE) -> TO | B8: =AA8+IF(I8="Jun",IF(_xlfn.NUMBERVALUE(H8)>14,0,IF(_xlfn.NUMBERVALUE(K8)<14,M8,15-_xlfn.NUMBERVALUE(H8))),0) -> 0 | C8: =M8-B8-D8 -> 6 | D8: =IF(L8="Jul",IF(_xlfn.NUMBERVALUE(K8)<11,0,IF(I8="Jul",IF(_xlfn.NUMBERVALUE(H8)>11,M8,_xlfn.NUMBERVALUE(K8)-11),0)),0)+IF(L8="Aug",IF(_xlfn.NUMBERVALUE(K8)>24,IF(_xlfn.NUMBERVALUE(H8)>24,0,25-_xlfn.NUMBERVALUE(H8)),IF(I8="Aug",M8,_xlfn.NUMBERVALUE(K8)-1+32-_xlfn.NUMBERVALUE(H8))),0) -> 0 | E8: 9622 | F8: 00001039 | G8: 29 Jun 2026 | H8: =LEFT(G8,2) -> 29 | I8: =MID(G8,4,3) -> Jun | J8: 05 Jul 2026 | K8: =LEFT(J8,2) -> 05 | L8: =MID(J8,4,3) -> Jul | M8: 6 | N8: =+K8-H8 -> -24 | O8: =IF(I8=L8,0,31-H8) -> 2 | P8: =IF(I8=L8,0,K8-1) -> 4 | Q8: КЛУБ МАГЕЛАН - ООД | R8: ROOM | S8: 2 | T8: 0 | U8: =SUMIFS(Magelan!L:L,Magelan!D:D,'Резервации 2026'!E8) -> 1688.1942 | V8: =+U8/M8 -> 281.3657 | W8: Romania | X8: 21 Jan 2026 12:49 | Y8: 21 Jan 2026 | Z8: =MID(X8,4,3) -> Jan | AA8: =IF($I8=AA$1,IF($L8=AA$1,$M8,$O8),IF($L8=AA$1,$P8,0)) -> 0 | AB8: =IF($I8=AB$1,IF($L8=AB$1,$M8,$O8),IF($L8=AB$1,$P8,0)) -> 2 | AC8: =IF($I8=AC$1,IF($L8=AC$1,$M8,$O8),IF($L8=AC$1,$P8,0)) -> 4 | AD8: =IF($I8=AD$1,IF($L8=AD$1,$M8,$O8),IF($L8=AD$1,$P8,0)) -> 0 | AE8: =IF($I8=AE$1,IF($L8=AE$1,$M8,$O8),IF($L8=AE$1,$P8,0)) -> 0 | AF8: =SUM(AA8:AE8) -> 6 | AG8: =+AF8-M8 -> 0 | AH8: =LEFT(X8,2)&"."&VLOOKUP(MID(X8,4,3),'Data validation'!$A$1:$B$12,2,FALSE)&".2025" -> 21.01.2025 | AI8: =WEEKNUM(AH8) -> 4 | AJ8: =H8&"."&VLOOKUP(I8,'Data validation'!$A$1:$B$12,2,FALSE)&".2026" -> 29.06.2026 | AK8: =WEEKNUM(AJ8) -> 27 | AL8: =VLOOKUP(E8,[2]Sheet1!$A:$B,2,FALSE) -> #N/A
A9: =VLOOKUP(Q9,'Data validation'!$K$2:$L$50,2,FALSE) -> TO | B9: =AA9+IF(I9="Jun",IF(_xlfn.NUMBERVALUE(H9)>14,0,IF(_xlfn.NUMBERVALUE(K9)<14,M9,15-_xlfn.NUMBERVALUE(H9))),0) -> 0 | C9: =M9-B9-D9 -> 0 | D9: =IF(L9="Jul",IF(_xlfn.NUMBERVALUE(K9)<11,0,IF(I9="Jul",IF(_xlfn.NUMBERVALUE(H9)>11,M9,_xlfn.NUMBERVALUE(K9)-11),0)),0)+IF(L9="Aug",IF(_xlfn.NUMBERVALUE(K9)>24,IF(_xlfn.NUMBERVALUE(H9)>24,0,25-_xlfn.NUMBERVALUE(H9)),IF(I9="Aug",M9,_xlfn.NUMBERVALUE(K9)-1+32-_xlfn.NUMBERVALUE(H9))),0) -> 6 | E9: 8049 | F9: 1169860.219307 | G9: 20 Jul 2026 | H9: =LEFT(G9,2) -> 20 | I9: =MID(G9,4,3) -> Jul | J9: 26 Jul 2026 | K9: =LEFT(J9,2) -> 26 | L9: =MID(J9,4,3) -> Jul | M9: 6 | N9: =+K9-H9 -> 6 | O9: =IF(I9=L9,0,31-H9) -> 0 | P9: =IF(I9=L9,0,K9-1) -> 0 | Q9: СЛР-ХОЛИДЕЙ-СЪРВИС ЕООД | R9: ROOM | S9: 2 | T9: 1 | U9: =SUMIFS(SLR!L:L,SLR!D:D,'Резервации 2026'!E9) -> 1735.3688 | V9: =+U9/M9 -> 289.22814 | W9: Romania | X9: 27 Oct 2025 15:55 | Y9: 22 Oct 2025 | Z9: =MID(X9,4,3) -> Oct | AA9: =IF($I9=AA$1,IF($L9=AA$1,$M9,$O9),IF($L9=AA$1,$P9,0)) -> 0 | AB9: =IF($I9=AB$1,IF($L9=AB$1,$M9,$O9),IF($L9=AB$1,$P9,0)) -> 0 | AC9: =IF($I9=AC$1,IF($L9=AC$1,$M9,$O9),IF($L9=AC$1,$P9,0)) -> 6 | AD9: =IF($I9=AD$1,IF($L9=AD$1,$M9,$O9),IF($L9=AD$1,$P9,0)) -> 0 | AE9: =IF($I9=AE$1,IF($L9=AE$1,$M9,$O9),IF($L9=AE$1,$P9,0)) -> 0 | AF9: =SUM(AA9:AE9) -> 6 | AG9: =+AF9-M9 -> 0 | AH9: =LEFT(X9,2)&"."&VLOOKUP(MID(X9,4,3),'Data validation'!$A$1:$B$12,2,FALSE)&".2025" -> 27.10.2025 | AI9: =WEEKNUM(AH9) -> 44 | AJ9: =H9&"."&VLOOKUP(I9,'Data validation'!$A$1:$B$12,2,FALSE)&".2026" -> 20.07.2026 | AK9: =WEEKNUM(AJ9) -> 30 | AL9: =VLOOKUP(E9,[2]Sheet1!$A:$B,2,FALSE) -> #N/A
A10: =VLOOKUP(Q10,'Data validation'!$K$2:$L$50,2,FALSE) -> TO | B10: =AA10+IF(I10="Jun",IF(_xlfn.NUMBERVALUE(H10)>14,0,IF(_xlfn.NUMBERVALUE(K10)<14,M10,15-_xlfn.NUMBERVALUE(H10))),0) -> 0 | C10: =M10-B10-D10 -> 0 | D10: =IF(L10="Jul",IF(_xlfn.NUMBERVALUE(K10)<11,0,IF(I10="Jul",IF(_xlfn.NUMBERVALUE(H10)>11,M10,_xlfn.NUMBERVALUE(K10)-11),0)),0)+IF(L10="Aug",IF(_xlfn.NUMBERVALUE(K10)>24,IF(_xlfn.NUMBERVALUE(H10)>24,0,25-_xlfn.NUMBERVALUE(H10)),IF(I10="Aug",M10,_xlfn.NUMBERVALUE(K10)-1+32-_xlfn.NUMBERVALUE(H10))),0) -> 6 | E10: 8050 | F10: 1169861.219308 | G10: 20 Jul 2026 | H10: =LEFT(G10,2) -> 20 | I10: =MID(G10,4,3) -> Jul | J10: 26 Jul 2026 | K10: =LEFT(J10,2) -> 26 | L10: =MID(J10,4,3) -> Jul | M10: 6 | N10: =+K10-H10 -> 6 | O10: =IF(I10=L10,0,31-H10) -> 0 | P10: =IF(I10=L10,0,K10-1) -> 0 | Q10: СЛР-ХОЛИДЕЙ-СЪРВИС ЕООД | R10: ROOM | S10: 3 | T10: 1 | U10: =SUMIFS(SLR!L:L,SLR!D:D,'Резервации 2026'!E10) -> 2342.7714 | V10: =+U10/M10 -> 390.4619 | W10: Romania | X10: 27 Oct 2025 15:55 | Y10: 22 Oct 2025 | Z10: =MID(X10,4,3) -> Oct | AA10: =IF($I10=AA$1,IF($L10=AA$1,$M10,$O10),IF($L10=AA$1,$P10,0)) -> 0 | AB10: =IF($I10=AB$1,IF($L10=AB$1,$M10,$O10),IF($L10=AB$1,$P10,0)) -> 0 | AC10: =IF($I10=AC$1,IF($L10=AC$1,$M10,$O10),IF($L10=AC$1,$P10,0)) -> 6 | AD10: =IF($I10=AD$1,IF($L10=AD$1,$M10,$O10),IF($L10=AD$1,$P10,0)) -> 0 | AE10: =IF($I10=AE$1,IF($L10=AE$1,$M10,$O10),IF($L10=AE$1,$P10,0)) -> 0 | AF10: =SUM(AA10:AE10) -> 6 | AG10: =+AF10-M10 -> 0 | AH10: =LEFT(X10,2)&"."&VLOOKUP(MID(X10,4,3),'Data validation'!$A$1:$B$12,2,FALSE)&".2025" -> 27.10.2025 | AI10: =WEEKNUM(AH10) -> 44 | AJ10: =H10&"."&VLOOKUP(I10,'Data validation'!$A$1:$B$12,2,FALSE)&".2026" -> 20.07.2026 | AK10: =WEEKNUM(AJ10) -> 30 | AL10: =VLOOKUP(E10,[2]Sheet1!$A:$B,2,FALSE) -> #N/A
A11: =VLOOKUP(Q11,'Data validation'!$K$2:$L$50,2,FALSE) -> TO | B11: =AA11+IF(I11="Jun",IF(_xlfn.NUMBERVALUE(H11)>14,0,IF(_xlfn.NUMBERVALUE(K11)<14,M11,15-_xlfn.NUMBERVALUE(H11))),0) -> 0 | C11: =M11-B11-D11 -> 0 | D11: =IF(L11="Jul",IF(_xlfn.NUMBERVALUE(K11)<11,0,IF(I11="Jul",IF(_xlfn.NUMBERVALUE(H11)>11,M11,_xlfn.NUMBERVALUE(K11)-11),0)),0)+IF(L11="Aug",IF(_xlfn.NUMBERVALUE(K11)>24,IF(_xlfn.NUMBERVALUE(H11)>24,0,25-_xlfn.NUMBERVALUE(H11)),IF(I11="Aug",M11,_xlfn.NUMBERVALUE(K11)-1+32-_xlfn.NUMBERVALUE(H11))),0) -> 6 | E11: 8055 | F11: 1170038.219412 | G11: 20 Jul 2026 | H11: =LEFT(G11,2) -> 20 | I11: =MID(G11,4,3) -> Jul | J11: 26 Jul 2026 | K11: =LEFT(J11,2) -> 26 | L11: =MID(J11,4,3) -> Jul | M11: 6 | N11: =+K11-H11 -> 6 | O11: =IF(I11=L11,0,31-H11) -> 0 | P11: =IF(I11=L11,0,K11-1) -> 0 | Q11: СЛР-ХОЛИДЕЙ-СЪРВИС ЕООД | R11: ROOM | S11: 3 | T11: 1 | U11: =SUMIFS(SLR!L:L,SLR!D:D,'Резервации 2026'!E11) -> 2342.7714 | V11: =+U11/M11 -> 390.4619 | W11: Romania | X11: 27 Oct 2025 15:55 | Y11: 23 Oct 2025 | Z11: =MID(X11,4,3) -> Oct | AA11: =IF($I11=AA$1,IF($L11=AA$1,$M11,$O11),IF($L11=AA$1,$P11,0)) -> 0 | AB11: =IF($I11=AB$1,IF($L11=AB$1,$M11,$O11),IF($L11=AB$1,$P11,0)) -> 0 | AC11: =IF($I11=AC$1,IF($L11=AC$1,$M11,$O11),IF($L11=AC$1,$P11,0)) -> 6 | AD11: =IF($I11=AD$1,IF($L11=AD$1,$M11,$O11),IF($L11=AD$1,$P11,0)) -> 0 | AE11: =IF($I11=AE$1,IF($L11=AE$1,$M11,$O11),IF($L11=AE$1,$P11,0)) -> 0 | AF11: =SUM(AA11:AE11) -> 6 | AG11: =+AF11-M11 -> 0 | AH11: =LEFT(X11,2)&"."&VLOOKUP(MID(X11,4,3),'Data validation'!$A$1:$B$12,2,FALSE)&".2025" -> 27.10.2025 | AI11: =WEEKNUM(AH11) -> 44 | AJ11: =H11&"."&VLOOKUP(I11,'Data validation'!$A$1:$B$12,2,FALSE)&".2026" -> 20.07.2026 | AK11: =WEEKNUM(AJ11) -> 30 | AL11: =VLOOKUP(E11,[2]Sheet1!$A:$B,2,FALSE) -> #N/A
A12: =VLOOKUP(Q12,'Data validation'!$K$2:$L$50,2,FALSE) -> TO | B12: =AA12+IF(I12="Jun",IF(_xlfn.NUMBERVALUE(H12)>14,0,IF(_xlfn.NUMBERVALUE(K12)<14,M12,15-_xlfn.NUMBERVALUE(H12))),0) -> 0 | C12: =M12-B12-D12 -> 0 | D12: =IF(L12="Jul",IF(_xlfn.NUMBERVALUE(K12)<11,0,IF(I12="Jul",IF(_xlfn.NUMBERVALUE(H12)>11,M12,_xlfn.NUMBERVALUE(K12)-11),0)),0)+IF(L12="Aug",IF(_xlfn.NUMBERVALUE(K12)>24,IF(_xlfn.NUMBERVALUE(H12)>24,0,25-_xlfn.NUMBERVALUE(H12)),IF(I12="Aug",M12,_xlfn.NUMBERVALUE(K12)-1+32-_xlfn.NUMBERVALUE(H12))),0) -> 6 | E12: 8057 | F12: 1170169.219532 | G12: 20 Jul 2026 | H12: =LEFT(G12,2) -> 20 | I12: =MID(G12,4,3) -> Jul | J12: 26 Jul 2026 | K12: =LEFT(J12,2) -> 26 | L12: =MID(J12,4,3) -> Jul | M12: 6 | N12: =+K12-H12 -> 6 | O12: =IF(I12=L12,0,31-H12) -> 0 | P12: =IF(I12=L12,0,K12-1) -> 0 | Q12: СЛР-ХОЛИДЕЙ-СЪРВИС ЕООД | R12: ROOM-DELUXE | S12: 2 | T12: 1 | U12: =SUMIFS(SLR!L:L,SLR!D:D,'Резервации 2026'!E12) -> 1805.544 | V12: =+U12/M12 -> 300.924 | W12: Romania | X12: 27 Oct 2025 15:56 | Y12: 24 Oct 2025 | Z12: =MID(X12,4,3) -> Oct | AA12: =IF($I12=AA$1,IF($L12=AA$1,$M12,$O12),IF($L12=AA$1,$P12,0)) -> 0 | AB12: =IF($I12=AB$1,IF($L12=AB$1,$M12,$O12),IF($L12=AB$1,$P12,0)) -> 0 | AC12: =IF($I12=AC$1,IF($L12=AC$1,$M12,$O12),IF($L12=AC$1,$P12,0)) -> 6 | AD12: =IF($I12=AD$1,IF($L12=AD$1,$M12,$O12),IF($L12=AD$1,$P12,0)) -> 0 | AE12: =IF($I12=AE$1,IF($L12=AE$1,$M12,$O12),IF($L12=AE$1,$P12,0)) -> 0 | AF12: =SUM(AA12:AE12) -> 6 | AG12: =+AF12-M12 -> 0 | AH12: =LEFT(X12,2)&"."&VLOOKUP(MID(X12,4,3),'Data validation'!$A$1:$B$12,2,FALSE)&".2025" -> 27.10.2025 | AI12: =WEEKNUM(AH12) -> 44 | AJ12: =H12&"."&VLOOKUP(I12,'Data validation'!$A$1:$B$12,2,FALSE)&".2026" -> 20.07.2026 | AK12: =WEEKNUM(AJ12) -> 30 | AL12: =VLOOKUP(E12,[2]Sheet1!$A:$B,2,FALSE) -> #N/A
A13: =VLOOKUP(Q13,'Data validation'!$K$2:$L$50,2,FALSE) -> TO | B13: =AA13+IF(I13="Jun",IF(_xlfn.NUMBERVALUE(H13)>14,0,IF(_xlfn.NUMBERVALUE(K13)<14,M13,15-_xlfn.NUMBERVALUE(H13))),0) -> 0 | C13: =M13-B13-D13 -> 0 | D13: =IF(L13="Jul",IF(_xlfn.NUMBERVALUE(K13)<11,0,IF(I13="Jul",IF(_xlfn.NUMBERVALUE(H13)>11,M13,_xlfn.NUMBERVALUE(K13)-11),0)),0)+IF(L13="Aug",IF(_xlfn.NUMBERVALUE(K13)>24,IF(_xlfn.NUMBERVALUE(H13)>24,0,25-_xlfn.NUMBERVALUE(H13)),IF(I13="Aug",M13,_xlfn.NUMBERVALUE(K13)-1+32-_xlfn.NUMBERVALUE(H13))),0) -> 5 | E13: 9975 | F13: 1240128.232930 | G13: 27 Jul 2026 | H13: =LEFT(G13,2) -> 27 | I13: =MID(G13,4,3) -> Jul | J13: 01 Aug 2026 | K13: =LEFT(J13,2) -> 01 | L13: =MID(J13,4,3) -> Aug | M13: 5 | N13: =+K13-H13 -> -26 | O13: =IF(I13=L13,0,31-H13) -> 4 | P13: =IF(I13=L13,0,K13-1) -> 0 | Q13: СЛР-ХОЛИДЕЙ-СЪРВИС ЕООД | R13: ROOM | S13: 1 | T13: 0 | U13: =SUMIFS(SLR!L:L,SLR!D:D,'Резервации 2026'!E13) -> 1168.1195 | V13: =+U13/M13 -> 233.62389 | W13: Romania | X13: 02 Feb 2026 15:23 | Y13: 02 Feb 2026 | Z13: =MID(X13,4,3) -> Feb | AA13: =IF($I13=AA$1,IF($L13=AA$1,$M13,$O13),IF($L13=AA$1,$P13,0)) -> 0 | AB13: =IF($I13=AB$1,IF($L13=AB$1,$M13,$O13),IF($L13=AB$1,$P13,0)) -> 0 | AC13: =IF($I13=AC$1,IF($L13=AC$1,$M13,$O13),IF($L13=AC$1,$P13,0)) -> 4 | AD13: =IF($I13=AD$1,IF($L13=AD$1,$M13,$O13),IF($L13=AD$1,$P13,0)) -> 0 | AE13: =IF($I13=AE$1,IF($L13=AE$1,$M13,$O13),IF($L13=AE$1,$P13,0)) -> 0 | AF13: =SUM(AA13:AE13) -> 4 | AG13: =+AF13-M13 -> -1 | AH13: =LEFT(X13,2)&"."&VLOOKUP(MID(X13,4,3),'Data validation'!$A$1:$B$12,2,FALSE)&".2025" -> 02.02.2025 | AI13: =WEEKNUM(AH13) -> 6 | AJ13: =H13&"."&VLOOKUP(I13,'Data validation'!$A$1:$B$12,2,FALSE)&".2026" -> 27.07.2026 | AK13: =WEEKNUM(AJ13) -> 31 | AL13: =VLOOKUP(E13,[2]Sheet1!$A:$B,2,FALSE) -> #N/A
A14: =VLOOKUP(Q14,'Data validation'!$K$2:$L$50,2,FALSE) -> TO | B14: =AA14+IF(I14="Jun",IF(_xlfn.NUMBERVALUE(H14)>14,0,IF(_xlfn.NUMBERVALUE(K14)<14,M14,15-_xlfn.NUMBERVALUE(H14))),0) -> 0 | C14: =M14-B14-D14 -> 0 | D14: =IF(L14="Jul",IF(_xlfn.NUMBERVALUE(K14)<11,0,IF(I14="Jul",IF(_xlfn.NUMBERVALUE(H14)>11,M14,_xlfn.NUMBERVALUE(K14)-11),0)),0)+IF(L14="Aug",IF(_xlfn.NUMBERVALUE(K14)>24,IF(_xlfn.NUMBERVALUE(H14)>24,0,25-_xlfn.NUMBERVALUE(H14)),IF(I14="Aug",M14,_xlfn.NUMBERVALUE(K14)-1+32-_xlfn.NUMBERVALUE(H14))),0) -> 6 | E14: 9628 | F14: 18659 | G14: 10 Aug 2026 | H14: =LEFT(G14,2) -> 10 | I14: =MID(G14,4,3) -> Aug | J14: 16 Aug 2026 | K14: =LEFT(J14,2) -> 16 | L14: =MID(J14,4,3) -> Aug | M14: 6 | N14: =+K14-H14 -> 6 | O14: =IF(I14=L14,0,31-H14) -> 0 | P14: =IF(I14=L14,0,K14-1) -> 0 | Q14: КЛУБ МАГЕЛАН - ООД | R14: ROOM-SEA | S14: 3 | T14: 1 | U14: =SUMIFS(Magelan!L:L,Magelan!D:D,'Резервации 2026'!E14) -> 2584.1599 | V14: =+U14/M14 -> 430.69332 | W14: Romania | X14: 21 Jan 2026 16:25 | Y14: 21 Jan 2026 | Z14: =MID(X14,4,3) -> Jan | AA14: =IF($I14=AA$1,IF($L14=AA$1,$M14,$O14),IF($L14=AA$1,$P14,0)) -> 0 | AB14: =IF($I14=AB$1,IF($L14=AB$1,$M14,$O14),IF($L14=AB$1,$P14,0)) -> 0 | AC14: =IF($I14=AC$1,IF($L14=AC$1,$M14,$O14),IF($L14=AC$1,$P14,0)) -> 0 | AD14: =IF($I14=AD$1,IF($L14=AD$1,$M14,$O14),IF($L14=AD$1,$P14,0)) -> 6 | AE14: =IF($I14=AE$1,IF($L14=AE$1,$M14,$O14),IF($L14=AE$1,$P14,0)) -> 0 | AF14: =SUM(AA14:AE14) -> 6 | AG14: =+AF14-M14 -> 0 | AH14: =LEFT(X14,2)&"."&VLOOKUP(MID(X14,4,3),'Data validation'!$A$1:$B$12,2,FALSE)&".2025" -> 21.01.2025 | AI14: =WEEKNUM(AH14) -> 4 | AJ14: =H14&"."&VLOOKUP(I14,'Data validation'!$A$1:$B$12,2,FALSE)&".2026" -> 10.08.2026 | AK14: =WEEKNUM(AJ14) -> 33 | AL14: =VLOOKUP(E14,[2]Sheet1!$A:$B,2,FALSE) -> #N/A
A15: =VLOOKUP(Q15,'Data validation'!$K$2:$L$50,2,FALSE) -> TO | B15: =AA15+IF(I15="Jun",IF(_xlfn.NUMBERVALUE(H15)>14,0,IF(_xlfn.NUMBERVALUE(K15)<14,M15,15-_xlfn.NUMBERVALUE(H15))),0) -> 0 | C15: =M15-B15-D15 -> 0 | D15: =IF(L15="Jul",IF(_xlfn.NUMBERVALUE(K15)<11,0,IF(I15="Jul",IF(_xlfn.NUMBERVALUE(H15)>11,M15,_xlfn.NUMBERVALUE(K15)-11),0)),0)+IF(L15="Aug",IF(_xlfn.NUMBERVALUE(K15)>24,IF(_xlfn.NUMBERVALUE(H15)>24,0,25-_xlfn.NUMBERVALUE(H15)),IF(I15="Aug",M15,_xlfn.NUMBERVALUE(K15)-1+32-_xlfn.NUMBERVALUE(H15))),0) -> 6 | E15: 8127 | F15: 1170906.219838 | G15: 20 Jul 2026 | H15: =LEFT(G15,2) -> 20 | I15: =MID(G15,4,3) -> Jul | J15: 26 Jul 2026 | K15: =LEFT(J15,2) -> 26 | L15: =MID(J15,4,3) -> Jul | M15: 6 | N15: =+K15-H15 -> 6 | O15: =IF(I15=L15,0,31-H15) -> 0 | P15: =IF(I15=L15,0,K15-1) -> 0 | Q15: СЛР-ХОЛИДЕЙ-СЪРВИС ЕООД | R15: ROOM | S15: 2 | T15: 1 | U15: =SUMIFS(SLR!L:L,SLR!D:D,'Резервации 2026'!E15) -> 1735.3688 | V15: =+U15/M15 -> 289.22814 | W15: Romania | X15: 03 Nov 2025 10:08 | Y15: 31 Oct 2025 | Z15: =MID(X15,4,3) -> Nov | AA15: =IF($I15=AA$1,IF($L15=AA$1,$M15,$O15),IF($L15=AA$1,$P15,0)) -> 0 | AB15: =IF($I15=AB$1,IF($L15=AB$1,$M15,$O15),IF($L15=AB$1,$P15,0)) -> 0 | AC15: =IF($I15=AC$1,IF($L15=AC$1,$M15,$O15),IF($L15=AC$1,$P15,0)) -> 6 | AD15: =IF($I15=AD$1,IF($L15=AD$1,$M15,$O15),IF($L15=AD$1,$P15,0)) -> 0 | AE15: =IF($I15=AE$1,IF($L15=AE$1,$M15,$O15),IF($L15=AE$1,$P15,0)) -> 0 | AF15: =SUM(AA15:AE15) -> 6 | AG15: =+AF15-M15 -> 0 | AH15: =LEFT(X15,2)&"."&VLOOKUP(MID(X15,4,3),'Data validation'!$A$1:$B$12,2,FALSE)&".2025" -> 03.11.2025 | AI15: =WEEKNUM(AH15) -> 45 | AJ15: =H15&"."&VLOOKUP(I15,'Data validation'!$A$1:$B$12,2,FALSE)&".2026" -> 20.07.2026 | AK15: =WEEKNUM(AJ15) -> 30 | AL15: =VLOOKUP(E15,[2]Sheet1!$A:$B,2,FALSE) -> #N/A
A16: =VLOOKUP(Q16,'Data validation'!$K$2:$L$50,2,FALSE) -> TO | B16: =AA16+IF(I16="Jun",IF(_xlfn.NUMBERVALUE(H16)>14,0,IF(_xlfn.NUMBERVALUE(K16)<14,M16,15-_xlfn.NUMBERVALUE(H16))),0) -> 0 | C16: =M16-B16-D16 -> 5 | D16: =IF(L16="Jul",IF(_xlfn.NUMBERVALUE(K16)<11,0,IF(I16="Jul",IF(_xlfn.NUMBERVALUE(H16)>11,M16,_xlfn.NUMBERVALUE(K16)-11),0)),0)+IF(L16="Aug",IF(_xlfn.NUMBERVALUE(K16)>24,IF(_xlfn.NUMBERVALUE(H16)>24,0,25-_xlfn.NUMBERVALUE(H16)),IF(I16="Aug",M16,_xlfn.NUMBERVALUE(K16)-1+32-_xlfn.NUMBERVALUE(H16))),0) -> 0 | E16: 10333 | F16: 28971 | G16: 22 Jun 2026 | H16: =LEFT(G16,2) -> 22 | I16: =MID(G16,4,3) -> Jun | J16: 27 Jun 2026 | K16: =LEFT(J16,2) -> 27 | L16: =MID(J16,4,3) -> Jun | M16: 5 | N16: =+K16-H16 -> 5 | O16: =IF(I16=L16,0,31-H16) -> 0 | P16: =IF(I16=L16,0,K16-1) -> 0 | Q16: КЛУБ МАГЕЛАН - ООД | R16: ROOM-SEA | S16: 2 | T16: 0 | U16: =SUMIFS(Magelan!L:L,Magelan!D:D,'Резервации 2026'!E16) -> 1434.6404 | V16: =+U16/M16 -> 286.92808 | W16: Romania | X16: 04 Mar 2026 17:24 | Y16: 04 Mar 2026 | Z16: =MID(X16,4,3) -> Mar | AA16: =IF($I16=AA$1,IF($L16=AA$1,$M16,$O16),IF($L16=AA$1,$P16,0)) -> 0 | AB16: =IF($I16=AB$1,IF($L16=AB$1,$M16,$O16),IF($L16=AB$1,$P16,0)) -> 5 | AC16: =IF($I16=AC$1,IF($L16=AC$1,$M16,$O16),IF($L16=AC$1,$P16,0)) -> 0 | AD16: =IF($I16=AD$1,IF($L16=AD$1,$M16,$O16),IF($L16=AD$1,$P16,0)) -> 0 | AE16: =IF($I16=AE$1,IF($L16=AE$1,$M16,$O16),IF($L16=AE$1,$P16,0)) -> 0 | AF16: =SUM(AA16:AE16) -> 5 | AG16: =+AF16-M16 -> 0 | AH16: =LEFT(X16,2)&"."&VLOOKUP(MID(X16,4,3),'Data validation'!$A$1:$B$12,2,FALSE)&".2025" -> 04.03.2025 | AI16: =WEEKNUM(AH16) -> 10 | AJ16: =H16&"."&VLOOKUP(I16,'Data validation'!$A$1:$B$12,2,FALSE)&".2026" -> 22.06.2026 | AK16: =WEEKNUM(AJ16) -> 26 | AL16: =VLOOKUP(E16,[2]Sheet1!$A:$B,2,FALSE) -> #N/A
A17: =VLOOKUP(Q17,'Data validation'!$K$2:$L$50,2,FALSE) -> TO | B17: =AA17+IF(I17="Jun",IF(_xlfn.NUMBERVALUE(H17)>14,0,IF(_xlfn.NUMBERVALUE(K17)<14,M17,15-_xlfn.NUMBERVALUE(H17))),0) -> 0 | C17: =M17-B17-D17 -> 0 | D17: =IF(L17="Jul",IF(_xlfn.NUMBERVALUE(K17)<11,0,IF(I17="Jul",IF(_xlfn.NUMBERVALUE(H17)>11,M17,_xlfn.NUMBERVALUE(K17)-11),0)),0)+IF(L17="Aug",IF(_xlfn.NUMBERVALUE(K17)>24,IF(_xlfn.NUMBERVALUE(H17)>24,0,25-_xlfn.NUMBERVALUE(H17)),IF(I17="Aug",M17,_xlfn.NUMBERVALUE(K17)-1+32-_xlfn.NUMBERVALUE(H17))),0) -> 5 | E17: 9510 | F17: NT314343 | G17: 27 Jul 2026 | H17: =LEFT(G17,2) -> 27 | I17: =MID(G17,4,3) -> Jul | J17: 01 Aug 2026 | K17: =LEFT(J17,2) -> 01 | L17: =MID(J17,4,3) -> Aug | M17: 5 | N17: =+K17-H17 -> -26 | O17: =IF(I17=L17,0,31-H17) -> 4 | P17: =IF(I17=L17,0,K17-1) -> 0 | Q17: НОВОТОН - ЕООД | R17: ROOM | S17: 2 | T17: 0 | U17: =SUMIFS(Novoton!L:L,Novoton!D:D,'Резервации 2026'!E17) -> 0 | V17: =+U17/M17 -> 0 | W17: Romania | X17: 15 Jan 2026 11:25 | Y17: 15 Jan 2026 | Z17: =MID(X17,4,3) -> Jan | AA17: =IF($I17=AA$1,IF($L17=AA$1,$M17,$O17),IF($L17=AA$1,$P17,0)) -> 0 | AB17: =IF($I17=AB$1,IF($L17=AB$1,$M17,$O17),IF($L17=AB$1,$P17,0)) -> 0 | AC17: =IF($I17=AC$1,IF($L17=AC$1,$M17,$O17),IF($L17=AC$1,$P17,0)) -> 4 | AD17: =IF($I17=AD$1,IF($L17=AD$1,$M17,$O17),IF($L17=AD$1,$P17,0)) -> 0 | AE17: =IF($I17=AE$1,IF($L17=AE$1,$M17,$O17),IF($L17=AE$1,$P17,0)) -> 0 | AF17: =SUM(AA17:AE17) -> 4 | AG17: =+AF17-M17 -> -1 | AH17: =LEFT(X17,2)&"."&VLOOKUP(MID(X17,4,3),'Data validation'!$A$1:$B$12,2,FALSE)&".2025" -> 15.01.2025 | AI17: =WEEKNUM(AH17) -> 3 | AJ17: =H17&"."&VLOOKUP(I17,'Data validation'!$A$1:$B$12,2,FALSE)&".2026" -> 27.07.2026 | AK17: =WEEKNUM(AJ17) -> 31 | AL17: =VLOOKUP(E17,[2]Sheet1!$A:$B,2,FALSE) -> Анулирана
A18: =VLOOKUP(Q18,'Data validation'!$K$2:$L$50,2,FALSE) -> TO | B18: =AA18+IF(I18="Jun",IF(_xlfn.NUMBERVALUE(H18)>14,0,IF(_xlfn.NUMBERVALUE(K18)<14,M18,15-_xlfn.NUMBERVALUE(H18))),0) -> 0 | C18: =M18-B18-D18 -> 6 | D18: =IF(L18="Jul",IF(_xlfn.NUMBERVALUE(K18)<11,0,IF(I18="Jul",IF(_xlfn.NUMBERVALUE(H18)>11,M18,_xlfn.NUMBERVALUE(K18)-11),0)),0)+IF(L18="Aug",IF(_xlfn.NUMBERVALUE(K18)>24,IF(_xlfn.NUMBERVALUE(H18)>24,0,25-_xlfn.NUMBERVALUE(H18)),IF(I18="Aug",M18,_xlfn.NUMBERVALUE(K18)-1+32-_xlfn.NUMBERVALUE(H18))),0) -> 0 | E18: 9630 | F18: 52373 | G18: 29 Jun 2026 | H18: =LEFT(G18,2) -> 29 | I18: =MID(G18,4,3) -> Jun | J18: 05 Jul 2026 | K18: =LEFT(J18,2) -> 05 | L18: =MID(J18,4,3) -> Jul | M18: 6 | N18: =+K18-H18 -> -24 | O18: =IF(I18=L18,0,31-H18) -> 2 | P18: =IF(I18=L18,0,K18-1) -> 4 | Q18: КЛУБ МАГЕЛАН - ООД | R18: ROOM-SEA | S18: 2 | T18: 1 | U18: =SUMIFS(Magelan!L:L,Magelan!D:D,'Резервации 2026'!E18) -> 1733.2565 | V18: =+U18/M18 -> 288.87609 | W18: Romania | X18: 21 Jan 2026 16:51 | Y18: 21 Jan 2026 | Z18: =MID(X18,4,3) -> Jan | AA18: =IF($I18=AA$1,IF($L18=AA$1,$M18,$O18),IF($L18=AA$1,$P18,0)) -> 0 | AB18: =IF($I18=AB$1,IF($L18=AB$1,$M18,$O18),IF($L18=AB$1,$P18,0)) -> 2 | AC18: =IF($I18=AC$1,IF($L18=AC$1,$M18,$O18),IF($L18=AC$1,$P18,0)) -> 4 | AD18: =IF($I18=AD$1,IF($L18=AD$1,$M18,$O18),IF($L18=AD$1,$P18,0)) -> 0 | AE18: =IF($I18=AE$1,IF($L18=AE$1,$M18,$O18),IF($L18=AE$1,$P18,0)) -> 0 | AF18: =SUM(AA18:AE18) -> 6 | AG18: =+AF18-M18 -> 0 | AH18: =LEFT(X18,2)&"."&VLOOKUP(MID(X18,4,3),'Data validation'!$A$1:$B$12,2,FALSE)&".2025" -> 21.01.2025 | AI18: =WEEKNUM(AH18) -> 4 | AJ18: =H18&"."&VLOOKUP(I18,'Data validation'!$A$1:$B$12,2,FALSE)&".2026" -> 29.06.2026 | AK18: =WEEKNUM(AJ18) -> 27 | AL18: =VLOOKUP(E18,[2]Sheet1!$A:$B,2,FALSE) -> #N/A
A19: =VLOOKUP(Q19,'Data validation'!$K$2:$L$50,2,FALSE) -> TO | B19: =AA19+IF(I19="Jun",IF(_xlfn.NUMBERVALUE(H19)>14,0,IF(_xlfn.NUMBERVALUE(K19)<14,M19,15-_xlfn.NUMBERVALUE(H19))),0) -> 0 | C19: =M19-B19-D19 -> 6 | D19: =IF(L19="Jul",IF(_xlfn.NUMBERVALUE(K19)<11,0,IF(I19="Jul",IF(_xlfn.NUMBERVALUE(H19)>11,M19,_xlfn.NUMBERVALUE(K19)-11),0)),0)+IF(L19="Aug",IF(_xlfn.NUMBERVALUE(K19)>24,IF(_xlfn.NUMBERVALUE(H19)>24,0,25-_xlfn.NUMBERVALUE(H19)),IF(I19="Aug",M19,_xlfn.NUMBERVALUE(K19)-1+32-_xlfn.NUMBERVALUE(H19))),0) -> 0 | E19: 9631 | F19: 52374 | G19: 29 Jun 2026 | H19: =LEFT(G19,2) -> 29 | I19: =MID(G19,4,3) -> Jun | J19: 05 Jul 2026 | K19: =LEFT(J19,2) -> 05 | L19: =MID(J19,4,3) -> Jul | M19: 6 | N19: =+K19-H19 -> -24 | O19: =IF(I19=L19,0,31-H19) -> 2 | P19: =IF(I19=L19,0,K19-1) -> 4 | Q19: КЛУБ МАГЕЛАН - ООД | R19: ROOM-SEA | S19: 2 | T19: 2 | U19: =SUMIFS(Magelan!L:L,Magelan!D:D,'Резервации 2026'!E19) -> 2166.6294 | V19: =+U19/M19 -> 361.10489 | W19: Romania | X19: 21 Jan 2026 16:52 | Y19: 21 Jan 2026 | Z19: =MID(X19,4,3) -> Jan | AA19: =IF($I19=AA$1,IF($L19=AA$1,$M19,$O19),IF($L19=AA$1,$P19,0)) -> 0 | AB19: =IF($I19=AB$1,IF($L19=AB$1,$M19,$O19),IF($L19=AB$1,$P19,0)) -> 2 | AC19: =IF($I19=AC$1,IF($L19=AC$1,$M19,$O19),IF($L19=AC$1,$P19,0)) -> 4 | AD19: =IF($I19=AD$1,IF($L19=AD$1,$M19,$O19),IF($L19=AD$1,$P19,0)) -> 0 | AE19: =IF($I19=AE$1,IF($L19=AE$1,$M19,$O19),IF($L19=AE$1,$P19,0)) -> 0 | AF19: =SUM(AA19:AE19) -> 6 | AG19: =+AF19-M19 -> 0 | AH19: =LEFT(X19,2)&"."&VLOOKUP(MID(X19,4,3),'Data validation'!$A$1:$B$12,2,FALSE)&".2025" -> 21.01.2025 | AI19: =WEEKNUM(AH19) -> 4 | AJ19: =H19&"."&VLOOKUP(I19,'Data validation'!$A$1:$B$12,2,FALSE)&".2026" -> 29.06.2026 | AK19: =WEEKNUM(AJ19) -> 27 | AL19: =VLOOKUP(E19,[2]Sheet1!$A:$B,2,FALSE) -> #N/A
A20: =VLOOKUP(Q20,'Data validation'!$K$2:$L$50,2,FALSE) -> TO | B20: =AA20+IF(I20="Jun",IF(_xlfn.NUMBERVALUE(H20)>14,0,IF(_xlfn.NUMBERVALUE(K20)<14,M20,15-_xlfn.NUMBERVALUE(H20))),0) -> 0 | C20: =M20-B20-D20 -> 0 | D20: =IF(L20="Jul",IF(_xlfn.NUMBERVALUE(K20)<11,0,IF(I20="Jul",IF(_xlfn.NUMBERVALUE(H20)>11,M20,_xlfn.NUMBERVALUE(K20)-11),0)),0)+IF(L20="Aug",IF(_xlfn.NUMBERVALUE(K20)>24,IF(_xlfn.NUMBERVALUE(H20)>24,0,25-_xlfn.NUMBERVALUE(H20)),IF(I20="Aug",M20,_xlfn.NUMBERVALUE(K20)-1+32-_xlfn.NUMBERVALUE(H20))),0) -> 7 | E20: 9632 | F20: 2321410 | G20: 20 Jul 2026 | H20: =LEFT(G20,2) -> 20 | I20: =MID(G20,4,3) -> Jul | J20: 27 Jul 2026 | K20: =LEFT(J20,2) -> 27 | L20: =MID(J20,4,3) -> Jul | M20: 7 | N20: =+K20-H20 -> 7 | O20: =IF(I20=L20,0,31-H20) -> 0 | P20: =IF(I20=L20,0,K20-1) -> 0 | Q20: ТУРИСТИЧЕСКА АГЕНЦИЯ СОЛВЕКС - ЕООД | R20: ROOM-SEA | S20: 2 | T20: 0 | U20: =SUMIFS(Solvex!L:L,Solvex!D:D,'Резервации 2026'!E20) -> 2233.2449 | V20: =+U20/M20 -> 319.03499 | W20: Romania | X20: 21 Jan 2026 16:52 | Y20: 21 Jan 2026 | Z20: =MID(X20,4,3) -> Jan | AA20: =IF($I20=AA$1,IF($L20=AA$1,$M20,$O20),IF($L20=AA$1,$P20,0)) -> 0 | AB20: =IF($I20=AB$1,IF($L20=AB$1,$M20,$O20),IF($L20=AB$1,$P20,0)) -> 0 | AC20: =IF($I20=AC$1,IF($L20=AC$1,$M20,$O20),IF($L20=AC$1,$P20,0)) -> 7 | AD20: =IF($I20=AD$1,IF($L20=AD$1,$M20,$O20),IF($L20=AD$1,$P20,0)) -> 0 | AE20: =IF($I20=AE$1,IF($L20=AE$1,$M20,$O20),IF($L20=AE$1,$P20,0)) -> 0 | AF20: =SUM(AA20:AE20) -> 7 | AG20: =+AF20-M20 -> 0 | AH20: =LEFT(X20,2)&"."&VLOOKUP(MID(X20,4,3),'Data validation'!$A$1:$B$12,2,FALSE)&".2025" -> 21.01.2025 | AI20: =WEEKNUM(AH20) -> 4 | AJ20: =H20&"."&VLOOKUP(I20,'Data validation'!$A$1:$B$12,2,FALSE)&".2026" -> 20.07.2026 | AK20: =WEEKNUM(AJ20) -> 30 | AL20: =VLOOKUP(E20,[2]Sheet1!$A:$B,2,FALSE) -> #N/A
A21: =VLOOKUP(Q21,'Data validation'!$K$2:$L$50,2,FALSE) -> TO | B21: =AA21+IF(I21="Jun",IF(_xlfn.NUMBERVALUE(H21)>14,0,IF(_xlfn.NUMBERVALUE(K21)<14,M21,15-_xlfn.NUMBERVALUE(H21))),0) -> 0 | C21: =M21-B21-D21 -> 0 | D21: =IF(L21="Jul",IF(_xlfn.NUMBERVALUE(K21)<11,0,IF(I21="Jul",IF(_xlfn.NUMBERVALUE(H21)>11,M21,_xlfn.NUMBERVALUE(K21)-11),0)),0)+IF(L21="Aug",IF(_xlfn.NUMBERVALUE(K21)>24,IF(_xlfn.NUMBERVALUE(H21)>24,0,25-_xlfn.NUMBERVALUE(H21)),IF(I21="Aug",M21,_xlfn.NUMBERVALUE(K21)-1+32-_xlfn.NUMBERVALUE(H21))),0) -> 6 | E21: 9633 | F21: 0296 | G21: 08 Aug 2026 | H21: =LEFT(G21,2) -> 08 | I21: =MID(G21,4,3) -> Aug | J21: 14 Aug 2026 | K21: =LEFT(J21,2) -> 14 | L21: =MID(J21,4,3) -> Aug | M21: 6 | N21: =+K21-H21 -> 6 | O21: =IF(I21=L21,0,31-H21) -> 0 | P21: =IF(I21=L21,0,K21-1) -> 0 | Q21: АВАТАР ТУР - ООД | R21: ROOM | S21: 1 | T21: 0 | U21: =SUMIFS(Avatar!L:L,Avatar!D:D,'Резервации 2026'!E21) -> 1308.3329 | V21: =+U21/M21 -> 218.05549 | W21: Romania | X21: 21 Jan 2026 17:20 | Y21: 21 Jan 2026 | Z21: =MID(X21,4,3) -> Jan | AA21: =IF($I21=AA$1,IF($L21=AA$1,$M21,$O21),IF($L21=AA$1,$P21,0)) -> 0 | AB21: =IF($I21=AB$1,IF($L21=AB$1,$M21,$O21),IF($L21=AB$1,$P21,0)) -> 0 | AC21: =IF($I21=AC$1,IF($L21=AC$1,$M21,$O21),IF($L21=AC$1,$P21,0)) -> 0 | AD21: =IF($I21=AD$1,IF($L21=AD$1,$M21,$O21),IF($L21=AD$1,$P21,0)) -> 6 | AE21: =IF($I21=AE$1,IF($L21=AE$1,$M21,$O21),IF($L21=AE$1,$P21,0)) -> 0 | AF21: =SUM(AA21:AE21) -> 6 | AG21: =+AF21-M21 -> 0 | AH21: =LEFT(X21,2)&"."&VLOOKUP(MID(X21,4,3),'Data validation'!$A$1:$B$12,2,FALSE)&".2025" -> 21.01.2025 | AI21: =WEEKNUM(AH21) -> 4 | AJ21: =H21&"."&VLOOKUP(I21,'Data validation'!$A$1:$B$12,2,FALSE)&".2026" -> 08.08.2026 | AK21: =WEEKNUM(AJ21) -> 32 | AL21: =VLOOKUP(E21,[2]Sheet1!$A:$B,2,FALSE) -> #N/A
A22: =VLOOKUP(Q22,'Data validation'!$K$2:$L$50,2,FALSE) -> TO | B22: =AA22+IF(I22="Jun",IF(_xlfn.NUMBERVALUE(H22)>14,0,IF(_xlfn.NUMBERVALUE(K22)<14,M22,15-_xlfn.NUMBERVALUE(H22))),0) -> 0 | C22: =M22-B22-D22 -> 0 | D22: =IF(L22="Jul",IF(_xlfn.NUMBERVALUE(K22)<11,0,IF(I22="Jul",IF(_xlfn.NUMBERVALUE(H22)>11,M22,_xlfn.NUMBERVALUE(K22)-11),0)),0)+IF(L22="Aug",IF(_xlfn.NUMBERVALUE(K22)>24,IF(_xlfn.NUMBERVALUE(H22)>24,0,25-_xlfn.NUMBERVALUE(H22)),IF(I22="Aug",M22,_xlfn.NUMBERVALUE(K22)-1+32-_xlfn.NUMBERVALUE(H22))),0) -> 7 | E22: 9634 | F22: 2321420 | G22: 20 Jul 2026 | H22: =LEFT(G22,2) -> 20 | I22: =MID(G22,4,3) -> Jul | J22: 27 Jul 2026 | K22: =LEFT(J22,2) -> 27 | L22: =MID(J22,4,3) -> Jul | M22: 7 | N22: =+K22-H22 -> 7 | O22: =IF(I22=L22,0,31-H22) -> 0 | P22: =IF(I22=L22,0,K22-1) -> 0 | Q22: ТУРИСТИЧЕСКА АГЕНЦИЯ СОЛВЕКС - ЕООД | R22: APP1-SEA | S22: 3 | T22: 0 | U22: =SUMIFS(Solvex!L:L,Solvex!D:D,'Резервации 2026'!E22) -> 3323.581 | V22: =+U22/M22 -> 474.79729 | W22: Romania | X22: 21 Jan 2026 17:21 | Y22: 21 Jan 2026 | Z22: =MID(X22,4,3) -> Jan | AA22: =IF($I22=AA$1,IF($L22=AA$1,$M22,$O22),IF($L22=AA$1,$P22,0)) -> 0 | AB22: =IF($I22=AB$1,IF($L22=AB$1,$M22,$O22),IF($L22=AB$1,$P22,0)) -> 0 | AC22: =IF($I22=AC$1,IF($L22=AC$1,$M22,$O22),IF($L22=AC$1,$P22,0)) -> 7 | AD22: =IF($I22=AD$1,IF($L22=AD$1,$M22,$O22),IF($L22=AD$1,$P22,0)) -> 0 | AE22: =IF($I22=AE$1,IF($L22=AE$1,$M22,$O22),IF($L22=AE$1,$P22,0)) -> 0 | AF22: =SUM(AA22:AE22) -> 7 | AG22: =+AF22-M22 -> 0 | AH22: =LEFT(X22,2)&"."&VLOOKUP(MID(X22,4,3),'Data validation'!$A$1:$B$12,2,FALSE)&".2025" -> 21.01.2025 | AI22: =WEEKNUM(AH22) -> 4 | AJ22: =H22&"."&VLOOKUP(I22,'Data validation'!$A$1:$B$12,2,FALSE)&".2026" -> 20.07.2026 | AK22: =WEEKNUM(AJ22) -> 30 | AL22: =VLOOKUP(E22,[2]Sheet1!$A:$B,2,FALSE) -> #N/A
A23: =VLOOKUP(Q23,'Data validation'!$K$2:$L$50,2,FALSE) -> BOOKING | B23: =AA23+IF(I23="Jun",IF(_xlfn.NUMBERVALUE(H23)>14,0,IF(_xlfn.NUMBERVALUE(K23)<14,M23,15-_xlfn.NUMBERVALUE(H23))),0) -> 1 | C23: =M23-B23-D23 -> 1 | D23: =IF(L23="Jul",IF(_xlfn.NUMBERVALUE(K23)<11,0,IF(I23="Jul",IF(_xlfn.NUMBERVALUE(H23)>11,M23,_xlfn.NUMBERVALUE(K23)-11),0)),0)+IF(L23="Aug",IF(_xlfn.NUMBERVALUE(K23)>24,IF(_xlfn.NUMBERVALUE(H23)>24,0,25-_xlfn.NUMBERVALUE(H23)),IF(I23="Aug",M23,_xlfn.NUMBERVALUE(K23)-1+32-_xlfn.NUMBERVALUE(H23))),0) -> 0 | E23: 10335 | F23: 6392823479 | G23: 30 May 2026 | H23: =LEFT(G23,2) -> 30 | I23: =MID(G23,4,3) -> May | J23: 01 Jun 2026 | K23: =LEFT(J23,2) -> 01 | L23: =MID(J23,4,3) -> Jun | M23: 2 | N23: =+K23-H23 -> -29 | O23: =IF(I23=L23,0,31-H23) -> 1 | P23: =IF(I23=L23,0,K23-1) -> 0 | Q23: BOOKING | R23: APP1-POOL | S23: 2 | T23: 1 | U23: 694.5888 | V23: 347.2944 | W23: Romania | X23: 05 Mar 2026 09:32 | Y23: 05 Mar 2026 | Z23: =MID(X23,4,3) -> Mar | AA23: =IF($I23=AA$1,IF($L23=AA$1,$M23,$O23),IF($L23=AA$1,$P23,0)) -> 1 | AB23: =IF($I23=AB$1,IF($L23=AB$1,$M23,$O23),IF($L23=AB$1,$P23,0)) -> 0 | AC23: =IF($I23=AC$1,IF($L23=AC$1,$M23,$O23),IF($L23=AC$1,$P23,0)) -> 0 | AD23: =IF($I23=AD$1,IF($L23=AD$1,$M23,$O23),IF($L23=AD$1,$P23,0)) -> 0 | AE23: =IF($I23=AE$1,IF($L23=AE$1,$M23,$O23),IF($L23=AE$1,$P23,0)) -> 0 | AF23: =SUM(AA23:AE23) -> 1 | AG23: =+AF23-M23 -> -1 | AH23: =LEFT(X23,2)&"."&VLOOKUP(MID(X23,4,3),'Data validation'!$A$1:$B$12,2,FALSE)&".2025" -> 05.03.2025 | AI23: =WEEKNUM(AH23) -> 10 | AJ23: =H23&"."&VLOOKUP(I23,'Data validation'!$A$1:$B$12,2,FALSE)&".2026" -> 30.05.2026 | AK23: =WEEKNUM(AJ23) -> 22 | AL23: =VLOOKUP(E23,[2]Sheet1!$A:$B,2,FALSE) -> Анулирана
A24: =VLOOKUP(Q24,'Data validation'!$K$2:$L$50,2,FALSE) -> TO | B24: =AA24+IF(I24="Jun",IF(_xlfn.NUMBERVALUE(H24)>14,0,IF(_xlfn.NUMBERVALUE(K24)<14,M24,15-_xlfn.NUMBERVALUE(H24))),0) -> 0 | C24: =M24-B24-D24 -> 0 | D24: =IF(L24="Jul",IF(_xlfn.NUMBERVALUE(K24)<11,0,IF(I24="Jul",IF(_xlfn.NUMBERVALUE(H24)>11,M24,_xlfn.NUMBERVALUE(K24)-11),0)),0)+IF(L24="Aug",IF(_xlfn.NUMBERVALUE(K24)>24,IF(_xlfn.NUMBERVALUE(H24)>24,0,25-_xlfn.NUMBERVALUE(H24)),IF(I24="Aug",M24,_xlfn.NUMBERVALUE(K24)-1+32-_xlfn.NUMBERVALUE(H24))),0) -> 5 | E24: 10245 | F24: 1247335.196050 | G24: 17 Aug 2026 | H24: =LEFT(G24,2) -> 17 | I24: =MID(G24,4,3) -> Aug | J24: 22 Aug 2026 | K24: =LEFT(J24,2) -> 22 | L24: =MID(J24,4,3) -> Aug | M24: 5 | N24: =+K24-H24 -> 5 | O24: =IF(I24=L24,0,31-H24) -> 0 | P24: =IF(I24=L24,0,K24-1) -> 0 | Q24: СЛР-ХОЛИДЕЙ-СЪРВИС ЕООД | R24: APP1-POOL | S24: 2 | T24: 1 | U24: =SUMIFS(SLR!L:L,SLR!D:D,'Резервации 2026'!E24) -> 1709.1998 | V24: =+U24/M24 -> 341.83997 | W24: Romania | X24: 27 Feb 2026 09:50 | Y24: 26 Feb 2026 | Z24: =MID(X24,4,3) -> Feb | AA24: =IF($I24=AA$1,IF($L24=AA$1,$M24,$O24),IF($L24=AA$1,$P24,0)) -> 0 | AB24: =IF($I24=AB$1,IF($L24=AB$1,$M24,$O24),IF($L24=AB$1,$P24,0)) -> 0 | AC24: =IF($I24=AC$1,IF($L24=AC$1,$M24,$O24),IF($L24=AC$1,$P24,0)) -> 0 | AD24: =IF($I24=AD$1,IF($L24=AD$1,$M24,$O24),IF($L24=AD$1,$P24,0)) -> 5 | AE24: =IF($I24=AE$1,IF($L24=AE$1,$M24,$O24),IF($L24=AE$1,$P24,0)) -> 0 | AF24: =SUM(AA24:AE24) -> 5 | AG24: =+AF24-M24 -> 0 | AH24: =LEFT(X24,2)&"."&VLOOKUP(MID(X24,4,3),'Data validation'!$A$1:$B$12,2,FALSE)&".2025" -> 27.02.2025 | AI24: =WEEKNUM(AH24) -> 9 | AJ24: =H24&"."&VLOOKUP(I24,'Data validation'!$A$1:$B$12,2,FALSE)&".2026" -> 17.08.2026 | AK24: =WEEKNUM(AJ24) -> 34 | AL24: =VLOOKUP(E24,[2]Sheet1!$A:$B,2,FALSE) -> #N/A
A25: =VLOOKUP(Q25,'Data validation'!$K$2:$L$50,2,FALSE) -> TOPOLA SKIES | B25: =AA25+IF(I25="Jun",IF(_xlfn.NUMBERVALUE(H25)>14,0,IF(_xlfn.NUMBERVALUE(K25)<14,M25,15-_xlfn.NUMBERVALUE(H25))),0) -> 2 | C25: =M25-B25-D25 -> 0 | D25: =IF(L25="Jul",IF(_xlfn.NUMBERVALUE(K25)<11,0,IF(I25="Jul",IF(_xlfn.NUMBERVALUE(H25)>11,M25,_xlfn.NUMBERVALUE(K25)-11),0)),0)+IF(L25="Aug",IF(_xlfn.NUMBERVALUE(K25)>24,IF(_xlfn.NUMBERVALUE(H25)>24,0,25-_xlfn.NUMBERVALUE(H25)),IF(I25="Aug",M25,_xlfn.NUMBERVALUE(K25)-1+32-_xlfn.NUMBERVALUE(H25))),0) -> 0 | E25: 10336 | F25: 487092 | G25: 23 May 2026 | H25: =LEFT(G25,2) -> 23 | I25: =MID(G25,4,3) -> May | J25: 25 May 2026 | K25: =LEFT(J25,2) -> 25 | L25: =MID(J25,4,3) -> May | M25: 2 | N25: =+K25-H25 -> 2 | O25: =IF(I25=L25,0,31-H25) -> 0 | P25: =IF(I25=L25,0,K25-1) -> 0 | Q25: TOPOLA SKIES | R25: APP1-POOL | S25: 3 | T25: 1 | U25: 740.99042 | V25: 370.49521 | X25: 05 Mar 2026 10:03 | Y25: 05 Mar 2026 | Z25: =MID(X25,4,3) -> Mar | AA25: =IF($I25=AA$1,IF($L25=AA$1,$M25,$O25),IF($L25=AA$1,$P25,0)) -> 2 | AB25: =IF($I25=AB$1,IF($L25=AB$1,$M25,$O25),IF($L25=AB$1,$P25,0)) -> 0 | AC25: =IF($I25=AC$1,IF($L25=AC$1,$M25,$O25),IF($L25=AC$1,$P25,0)) -> 0 | AD25: =IF($I25=AD$1,IF($L25=AD$1,$M25,$O25),IF($L25=AD$1,$P25,0)) -> 0 | AE25: =IF($I25=AE$1,IF($L25=AE$1,$M25,$O25),IF($L25=AE$1,$P25,0)) -> 0 | AF25: =SUM(AA25:AE25) -> 2 | AG25: =+AF25-M25 -> 0 | AH25: =LEFT(X25,2)&"."&VLOOKUP(MID(X25,4,3),'Data validation'!$A$1:$B$12,2,FALSE)&".2025" -> 05.03.2025 | AI25: =WEEKNUM(AH25) -> 10 | AJ25: =H25&"."&VLOOKUP(I25,'Data validation'!$A$1:$B$12,2,FALSE)&".2026" -> 23.05.2026 | AK25: =WEEKNUM(AJ25) -> 21 | AL25: =VLOOKUP(E25,[2]Sheet1!$A:$B,2,FALSE) -> Анулирана
A26: =VLOOKUP(Q26,'Data validation'!$K$2:$L$50,2,FALSE) -> TO | B26: =AA26+IF(I26="Jun",IF(_xlfn.NUMBERVALUE(H26)>14,0,IF(_xlfn.NUMBERVALUE(K26)<14,M26,15-_xlfn.NUMBERVALUE(H26))),0) -> 0 | C26: =M26-B26-D26 -> 0 | D26: =IF(L26="Jul",IF(_xlfn.NUMBERVALUE(K26)<11,0,IF(I26="Jul",IF(_xlfn.NUMBERVALUE(H26)>11,M26,_xlfn.NUMBERVALUE(K26)-11),0)),0)+IF(L26="Aug",IF(_xlfn.NUMBERVALUE(K26)>24,IF(_xlfn.NUMBERVALUE(H26)>24,0,25-_xlfn.NUMBERVALUE(H26)),IF(I26="Aug",M26,_xlfn.NUMBERVALUE(K26)-1+32-_xlfn.NUMBERVALUE(H26))),0) -> 7 | E26: 10246 | F26: 1247390.196053 | G26: 12 Jul 2026 | H26: =LEFT(G26,2) -> 12 | I26: =MID(G26,4,3) -> Jul | J26: 19 Jul 2026 | K26: =LEFT(J26,2) -> 19 | L26: =MID(J26,4,3) -> Jul | M26: 7 | N26: =+K26-H26 -> 7 | O26: =IF(I26=L26,0,31-H26) -> 0 | P26: =IF(I26=L26,0,K26-1) -> 0 | Q26: СЛР-ХОЛИДЕЙ-СЪРВИС ЕООД | R26: APP1-POOL | S26: 3 | T26: 1 | U26: =SUMIFS(SLR!L:L,SLR!D:D,'Резервации 2026'!E26) -> 3230.3466 | V26: =+U26/M26 -> 461.47809 | W26: Romania | X26: 27 Feb 2026 09:56 | Y26: 27 Feb 2026 | Z26: =MID(X26,4,3) -> Feb | AA26: =IF($I26=AA$1,IF($L26=AA$1,$M26,$O26),IF($L26=AA$1,$P26,0)) -> 0 | AB26: =IF($I26=AB$1,IF($L26=AB$1,$M26,$O26),IF($L26=AB$1,$P26,0)) -> 0 | AC26: =IF($I26=AC$1,IF($L26=AC$1,$M26,$O26),IF($L26=AC$1,$P26,0)) -> 7 | AD26: =IF($I26=AD$1,IF($L26=AD$1,$M26,$O26),IF($L26=AD$1,$P26,0)) -> 0 | AE26: =IF($I26=AE$1,IF($L26=AE$1,$M26,$O26),IF($L26=AE$1,$P26,0)) -> 0 | AF26: =SUM(AA26:AE26) -> 7 | AG26: =+AF26-M26 -> 0 | AH26: =LEFT(X26,2)&"."&VLOOKUP(MID(X26,4,3),'Data validation'!$A$1:$B$12,2,FALSE)&".2025" -> 27.02.2025 | AI26: =WEEKNUM(AH26) -> 9 | AJ26: =H26&"."&VLOOKUP(I26,'Data validation'!$A$1:$B$12,2,FALSE)&".2026" -> 12.07.2026 | AK26: =WEEKNUM(AJ26) -> 29 | AL26: =VLOOKUP(E26,[2]Sheet1!$A:$B,2,FALSE) -> #N/A
A27: =VLOOKUP(Q27,'Data validation'!$K$2:$L$50,2,FALSE) -> TO | B27: =AA27+IF(I27="Jun",IF(_xlfn.NUMBERVALUE(H27)>14,0,IF(_xlfn.NUMBERVALUE(K27)<14,M27,15-_xlfn.NUMBERVALUE(H27))),0) -> 0 | C27: =M27-B27-D27 -> 4 | D27: =IF(L27="Jul",IF(_xlfn.NUMBERVALUE(K27)<11,0,IF(I27="Jul",IF(_xlfn.NUMBERVALUE(H27)>11,M27,_xlfn.NUMBERVALUE(K27)-11),0)),0)+IF(L27="Aug",IF(_xlfn.NUMBERVALUE(K27)>24,IF(_xlfn.NUMBERVALUE(H27)>24,0,25-_xlfn.NUMBERVALUE(H27)),IF(I27="Aug",M27,_xlfn.NUMBERVALUE(K27)-1+32-_xlfn.NUMBERVALUE(H27))),0) -> 0 | E27: 10337 | F27: 1248678.196840 | G27: 22 Jun 2026 | H27: =LEFT(G27,2) -> 22 | I27: =MID(G27,4,3) -> Jun | J27: 26 Jun 2026 | K27: =LEFT(J27,2) -> 26 | L27: =MID(J27,4,3) -> Jun | M27: 4 | N27: =+K27-H27 -> 4 | O27: =IF(I27=L27,0,31-H27) -> 0 | P27: =IF(I27=L27,0,K27-1) -> 0 | Q27: СЛР-ХОЛИДЕЙ-СЪРВИС ЕООД | R27: APP1-POOL | S27: 2 | T27: 2 | U27: =SUMIFS(SLR!L:L,SLR!D:D,'Резервации 2026'!E27) -> 1875.0542 | V27: =+U27/M27 -> 468.76356 | W27: Romania | X27: 05 Mar 2026 10:09 | Y27: 05 Mar 2026 | Z27: =MID(X27,4,3) -> Mar | AA27: =IF($I27=AA$1,IF($L27=AA$1,$M27,$O27),IF($L27=AA$1,$P27,0)) -> 0 | AB27: =IF($I27=AB$1,IF($L27=AB$1,$M27,$O27),IF($L27=AB$1,$P27,0)) -> 4 | AC27: =IF($I27=AC$1,IF($L27=AC$1,$M27,$O27),IF($L27=AC$1,$P27,0)) -> 0 | AD27: =IF($I27=AD$1,IF($L27=AD$1,$M27,$O27),IF($L27=AD$1,$P27,0)) -> 0 | AE27: =IF($I27=AE$1,IF($L27=AE$1,$M27,$O27),IF($L27=AE$1,$P27,0)) -> 0 | AF27: =SUM(AA27:AE27) -> 4 | AG27: =+AF27-M27 -> 0 | AH27: =LEFT(X27,2)&"."&VLOOKUP(MID(X27,4,3),'Data validation'!$A$1:$B$12,2,FALSE)&".2025" -> 05.03.2025 | AI27: =WEEKNUM(AH27) -> 10 | AJ27: =H27&"."&VLOOKUP(I27,'Data validation'!$A$1:$B$12,2,FALSE)&".2026" -> 22.06.2026 | AK27: =WEEKNUM(AJ27) -> 26 | AL27: =VLOOKUP(E27,[2]Sheet1!$A:$B,2,FALSE) -> #N/A
A28: =VLOOKUP(Q28,'Data validation'!$K$2:$L$50,2,FALSE) -> TO | B28: =AA28+IF(I28="Jun",IF(_xlfn.NUMBERVALUE(H28)>14,0,IF(_xlfn.NUMBERVALUE(K28)<14,M28,15-_xlfn.NUMBERVALUE(H28))),0) -> 0 | C28: =M28-B28-D28 -> 0 | D28: =IF(L28="Jul",IF(_xlfn.NUMBERVALUE(K28)<11,0,IF(I28="Jul",IF(_xlfn.NUMBERVALUE(H28)>11,M28,_xlfn.NUMBERVALUE(K28)-11),0)),0)+IF(L28="Aug",IF(_xlfn.NUMBERVALUE(K28)>24,IF(_xlfn.NUMBERVALUE(H28)>24,0,25-_xlfn.NUMBERVALUE(H28)),IF(I28="Aug",M28,_xlfn.NUMBERVALUE(K28)-1+32-_xlfn.NUMBERVALUE(H28))),0) -> 5 | E28: 10247 | F28: 1247362.196067 | G28: 13 Jul 2026 | H28: =LEFT(G28,2) -> 13 | I28: =MID(G28,4,3) -> Jul | J28: 18 Jul 2026 | K28: =LEFT(J28,2) -> 18 | L28: =MID(J28,4,3) -> Jul | M28: 5 | N28: =+K28-H28 -> 5 | O28: =IF(I28=L28,0,31-H28) -> 0 | P28: =IF(I28=L28,0,K28-1) -> 0 | Q28: СЛР-ХОЛИДЕЙ-СЪРВИС ЕООД | R28: APP1-DELUXE | S28: 2 | T28: 2 | U28: =SUMIFS(SLR!L:L,SLR!D:D,'Резервации 2026'!E28) -> 2422.2955 | V28: =+U28/M28 -> 484.45909 | W28: Romania | X28: 27 Feb 2026 10:02 | Y28: 26 Feb 2026 | Z28: =MID(X28,4,3) -> Feb | AA28: =IF($I28=AA$1,IF($L28=AA$1,$M28,$O28),IF($L28=AA$1,$P28,0)) -> 0 | AB28: =IF($I28=AB$1,IF($L28=AB$1,$M28,$O28),IF($L28=AB$1,$P28,0)) -> 0 | AC28: =IF($I28=AC$1,IF($L28=AC$1,$M28,$O28),IF($L28=AC$1,$P28,0)) -> 5 | AD28: =IF($I28=AD$1,IF($L28=AD$1,$M28,$O28),IF($L28=AD$1,$P28,0)) -> 0 | AE28: =IF($I28=AE$1,IF($L28=AE$1,$M28,$O28),IF($L28=AE$1,$P28,0)) -> 0 | AF28: =SUM(AA28:AE28) -> 5 | AG28: =+AF28-M28 -> 0 | AH28: =LEFT(X28,2)&"."&VLOOKUP(MID(X28,4,3),'Data validation'!$A$1:$B$12,2,FALSE)&".2025" -> 27.02.2025 | AI28: =WEEKNUM(AH28) -> 9 | AJ28: =H28&"."&VLOOKUP(I28,'Data validation'!$A$1:$B$12,2,FALSE)&".2026" -> 13.07.2026 | AK28: =WEEKNUM(AJ28) -> 29 | AL28: =VLOOKUP(E28,[2]Sheet1!$A:$B,2,FALSE) -> #N/A
A29: =VLOOKUP(Q29,'Data validation'!$K$2:$L$50,2,FALSE) -> TO | B29: =AA29+IF(I29="Jun",IF(_xlfn.NUMBERVALUE(H29)>14,0,IF(_xlfn.NUMBERVALUE(K29)<14,M29,15-_xlfn.NUMBERVALUE(H29))),0) -> 0 | C29: =M29-B29-D29 -> 6 | D29: =IF(L29="Jul",IF(_xlfn.NUMBERVALUE(K29)<11,0,IF(I29="Jul",IF(_xlfn.NUMBERVALUE(H29)>11,M29,_xlfn.NUMBERVALUE(K29)-11),0)),0)+IF(L29="Aug",IF(_xlfn.NUMBERVALUE(K29)>24,IF(_xlfn.NUMBERVALUE(H29)>24,0,25-_xlfn.NUMBERVALUE(H29)),IF(I29="Aug",M29,_xlfn.NUMBERVALUE(K29)-1+32-_xlfn.NUMBERVALUE(H29))),0) -> 0 | E29: 10086 | F29: 2327451 | G29: 05 Jul 2026 | H29: =LEFT(G29,2) -> 05 | I29: =MID(G29,4,3) -> Jul | J29: 11 Jul 2026 | K29: =LEFT(J29,2) -> 11 | L29: =MID(J29,4,3) -> Jul | M29: 6 | N29: =+K29-H29 -> 6 | O29: =IF(I29=L29,0,31-H29) -> 0 | P29: =IF(I29=L29,0,K29-1) -> 0 | Q29: ТУРИСТИЧЕСКА АГЕНЦИЯ СОЛВЕКС - ЕООД | R29: ROOM-SEA | S29: 2 | T29: 2 | U29: =SUMIFS(Solvex!L:L,Solvex!D:D,'Резервации 2026'!E29) -> 2402.1895 | V29: =+U29/M29 -> 400.36492 | W29: Romania | X29: 15 Feb 2026 12:08 | Y29: 14 Feb 2026 | Z29: =MID(X29,4,3) -> Feb | AA29: =IF($I29=AA$1,IF($L29=AA$1,$M29,$O29),IF($L29=AA$1,$P29,0)) -> 0 | AB29: =IF($I29=AB$1,IF($L29=AB$1,$M29,$O29),IF($L29=AB$1,$P29,0)) -> 0 | AC29: =IF($I29=AC$1,IF($L29=AC$1,$M29,$O29),IF($L29=AC$1,$P29,0)) -> 6 | AD29: =IF($I29=AD$1,IF($L29=AD$1,$M29,$O29),IF($L29=AD$1,$P29,0)) -> 0 | AE29: =IF($I29=AE$1,IF($L29=AE$1,$M29,$O29),IF($L29=AE$1,$P29,0)) -> 0 | AF29: =SUM(AA29:AE29) -> 6 | AG29: =+AF29-M29 -> 0 | AH29: =LEFT(X29,2)&"."&VLOOKUP(MID(X29,4,3),'Data validation'!$A$1:$B$12,2,FALSE)&".2025" -> 15.02.2025 | AI29: =WEEKNUM(AH29) -> 7 | AJ29: =H29&"."&VLOOKUP(I29,'Data validation'!$A$1:$B$12,2,FALSE)&".2026" -> 05.07.2026 | AK29: =WEEKNUM(AJ29) -> 28 | AL29: =VLOOKUP(E29,[2]Sheet1!$A:$B,2,FALSE) -> #N/A
A30: =VLOOKUP(Q30,'Data validation'!$K$2:$L$50,2,FALSE) -> TO | B30: =AA30+IF(I30="Jun",IF(_xlfn.NUMBERVALUE(H30)>14,0,IF(_xlfn.NUMBERVALUE(K30)<14,M30,15-_xlfn.NUMBERVALUE(H30))),0) -> 0 | C30: =M30-B30-D30 -> 0 | D30: =IF(L30="Jul",IF(_xlfn.NUMBERVALUE(K30)<11,0,IF(I30="Jul",IF(_xlfn.NUMBERVALUE(H30)>11,M30,_xlfn.NUMBERVALUE(K30)-11),0)),0)+IF(L30="Aug",IF(_xlfn.NUMBERVALUE(K30)>24,IF(_xlfn.NUMBERVALUE(H30)>24,0,25-_xlfn.NUMBERVALUE(H30)),IF(I30="Aug",M30,_xlfn.NUMBERVALUE(K30)-1+32-_xlfn.NUMBERVALUE(H30))),0) -> 7 | E30: 9635 | F30: 2321426 | G30: 20 Jul 2026 | H30: =LEFT(G30,2) -> 20 | I30: =MID(G30,4,3) -> Jul | J30: 27 Jul 2026 | K30: =LEFT(J30,2) -> 27 | L30: =MID(J30,4,3) -> Jul | M30: 7 | N30: =+K30-H30 -> 7 | O30: =IF(I30=L30,0,31-H30) -> 0 | P30: =IF(I30=L30,0,K30-1) -> 0 | Q30: ТУРИСТИЧЕСКА АГЕНЦИЯ СОЛВЕКС - ЕООД | R30: APP1-SEA | S30: 3 | T30: 1 | U30: =SUMIFS(Solvex!L:L,Solvex!D:D,'Резервации 2026'!E30) -> 3323.581 | V30: =+U30/M30 -> 474.79729 | W30: Romania | X30: 21 Jan 2026 17:48 | Y30: 21 Jan 2026 | Z30: =MID(X30,4,3) -> Jan | AA30: =IF($I30=AA$1,IF($L30=AA$1,$M30,$O30),IF($L30=AA$1,$P30,0)) -> 0 | AB30: =IF($I30=AB$1,IF($L30=AB$1,$M30,$O30),IF($L30=AB$1,$P30,0)) -> 0 | AC30: =IF($I30=AC$1,IF($L30=AC$1,$M30,$O30),IF($L30=AC$1,$P30,0)) -> 7 | AD30: =IF($I30=AD$1,IF($L30=AD$1,$M30,$O30),IF($L30=AD$1,$P30,0)) -> 0 | AE30: =IF($I30=AE$1,IF($L30=AE$1,$M30,$O30),IF($L30=AE$1,$P30,0)) -> 0 | AF30: =SUM(AA30:AE30) -> 7 | AG30: =+AF30-M30 -> 0 | AH30: =LEFT(X30,2)&"."&VLOOKUP(MID(X30,4,3),'Data validation'!$A$1:$B$12,2,FALSE)&".2025" -> 21.01.2025 | AI30: =WEEKNUM(AH30) -> 4 | AJ30: =H30&"."&VLOOKUP(I30,'Data validation'!$A$1:$B$12,2,FALSE)&".2026" -> 20.07.2026 | AK30: =WEEKNUM(AJ30) -> 30 | AL30: =VLOOKUP(E30,[2]Sheet1!$A:$B,2,FALSE) -> #N/A
A31: =VLOOKUP(Q31,'Data validation'!$K$2:$L$50,2,FALSE) -> TO | B31: =AA31+IF(I31="Jun",IF(_xlfn.NUMBERVALUE(H31)>14,0,IF(_xlfn.NUMBERVALUE(K31)<14,M31,15-_xlfn.NUMBERVALUE(H31))),0) -> 0 | C31: =M31-B31-D31 -> 0 | D31: =IF(L31="Jul",IF(_xlfn.NUMBERVALUE(K31)<11,0,IF(I31="Jul",IF(_xlfn.NUMBERVALUE(H31)>11,M31,_xlfn.NUMBERVALUE(K31)-11),0)),0)+IF(L31="Aug",IF(_xlfn.NUMBERVALUE(K31)>24,IF(_xlfn.NUMBERVALUE(H31)>24,0,25-_xlfn.NUMBERVALUE(H31)),IF(I31="Aug",M31,_xlfn.NUMBERVALUE(K31)-1+32-_xlfn.NUMBERVALUE(H31))),0) -> 3 | E31: 9776 | F31: 2322977 | G31: 31 Jul 2026 | H31: =LEFT(G31,2) -> 31 | I31: =MID(G31,4,3) -> Jul | J31: 03 Aug 2026 | K31: =LEFT(J31,2) -> 03 | L31: =MID(J31,4,3) -> Aug | M31: 3 | N31: =+K31-H31 -> -28 | O31: =IF(I31=L31,0,31-H31) -> 0 | P31: =IF(I31=L31,0,K31-1) -> 2 | Q31: ТУРИСТИЧЕСКА АГЕНЦИЯ СОЛВЕКС - ЕООД | R31: ROOM | S31: 2 | T31: 2 | U31: =SUMIFS(Solvex!L:L,Solvex!D:D,'Резервации 2026'!E31) -> 1668.7142 | V31: =+U31/M31 -> 556.23805 | W31: Romania | X31: 27 Jan 2026 14:08 | Y31: 27 Jan 2026 | Z31: =MID(X31,4,3) -> Jan | AA31: =IF($I31=AA$1,IF($L31=AA$1,$M31,$O31),IF($L31=AA$1,$P31,0)) -> 0 | AB31: =IF($I31=AB$1,IF($L31=AB$1,$M31,$O31),IF($L31=AB$1,$P31,0)) -> 0 | AC31: =IF($I31=AC$1,IF($L31=AC$1,$M31,$O31),IF($L31=AC$1,$P31,0)) -> 0 | AD31: =IF($I31=AD$1,IF($L31=AD$1,$M31,$O31),IF($L31=AD$1,$P31,0)) -> 2 | AE31: =IF($I31=AE$1,IF($L31=AE$1,$M31,$O31),IF($L31=AE$1,$P31,0)) -> 0 | AF31: =SUM(AA31:AE31) -> 2 | AG31: =+AF31-M31 -> -1 | AH31: =LEFT(X31,2)&"."&VLOOKUP(MID(X31,4,3),'Data validation'!$A$1:$B$12,2,FALSE)&".2025" -> 27.01.2025 | AI31: =WEEKNUM(AH31) -> 5 | AJ31: =H31&"."&VLOOKUP(I31,'Data validation'!$A$1:$B$12,2,FALSE)&".2026" -> 31.07.2026 | AK31: =WEEKNUM(AJ31) -> 31 | AL31: =VLOOKUP(E31,[2]Sheet1!$A:$B,2,FALSE) -> #N/A
A32: =VLOOKUP(Q32,'Data validation'!$K$2:$L$50,2,FALSE) -> TO | B32: =AA32+IF(I32="Jun",IF(_xlfn.NUMBERVALUE(H32)>14,0,IF(_xlfn.NUMBERVALUE(K32)<14,M32,15-_xlfn.NUMBERVALUE(H32))),0) -> 0 | C32: =M32-B32-D32 -> 0 | D32: =IF(L32="Jul",IF(_xlfn.NUMBERVALUE(K32)<11,0,IF(I32="Jul",IF(_xlfn.NUMBERVALUE(H32)>11,M32,_xlfn.NUMBERVALUE(K32)-11),0)),0)+IF(L32="Aug",IF(_xlfn.NUMBERVALUE(K32)>24,IF(_xlfn.NUMBERVALUE(H32)>24,0,25-_xlfn.NUMBERVALUE(H32)),IF(I32="Aug",M32,_xlfn.NUMBERVALUE(K32)-1+32-_xlfn.NUMBERVALUE(H32))),0) -> 7 | E32: 10087 | F32: 5828 | G32: 27 Jul 2026 | H32: =LEFT(G32,2) -> 27 | I32: =MID(G32,4,3) -> Jul | J32: 03 Aug 2026 | K32: =LEFT(J32,2) -> 03 | L32: =MID(J32,4,3) -> Aug | M32: 7 | N32: =+K32-H32 -> -24 | O32: =IF(I32=L32,0,31-H32) -> 4 | P32: =IF(I32=L32,0,K32-1) -> 2 | Q32: ТЕДИ - КАМ - ЕООД | R32: APP1-POOL | S32: 2 | T32: 2 | U32: =SUMIFS(TediKam!L:L,TediKam!D:D,'Резервации 2026'!E32) -> 2991.0313 | V32: =+U32/M32 -> 427.29018 | W32: Israel | X32: 15 Feb 2026 15:27 | Y32: 15 Feb 2026 | Z32: =MID(X32,4,3) -> Feb | AA32: =IF($I32=AA$1,IF($L32=AA$1,$M32,$O32),IF($L32=AA$1,$P32,0)) -> 0 | AB32: =IF($I32=AB$1,IF($L32=AB$1,$M32,$O32),IF($L32=AB$1,$P32,0)) -> 0 | AC32: =IF($I32=AC$1,IF($L32=AC$1,$M32,$O32),IF($L32=AC$1,$P32,0)) -> 4 | AD32: =IF($I32=AD$1,IF($L32=AD$1,$M32,$O32),IF($L32=AD$1,$P32,0)) -> 2 | AE32: =IF($I32=AE$1,IF($L32=AE$1,$M32,$O32),IF($L32=AE$1,$P32,0)) -> 0 | AF32: =SUM(AA32:AE32) -> 6 | AG32: =+AF32-M32 -> -1 | AH32: =LEFT(X32,2)&"."&VLOOKUP(MID(X32,4,3),'Data validation'!$A$1:$B$12,2,FALSE)&".2025" -> 15.02.2025 | AI32: =WEEKNUM(AH32) -> 7 | AJ32: =H32&"."&VLOOKUP(I32,'Data validation'!$A$1:$B$12,2,FALSE)&".2026" -> 27.07.2026 | AK32: =WEEKNUM(AJ32) -> 31 | AL32: =VLOOKUP(E32,[2]Sheet1!$A:$B,2,FALSE) -> #N/A
A33: =VLOOKUP(Q33,'Data validation'!$K$2:$L$50,2,FALSE) -> BOOKING | B33: =AA33+IF(I33="Jun",IF(_xlfn.NUMBERVALUE(H33)>14,0,IF(_xlfn.NUMBERVALUE(K33)<14,M33,15-_xlfn.NUMBERVALUE(H33))),0) -> 1 | C33: =M33-B33-D33 -> 1 | D33: =IF(L33="Jul",IF(_xlfn.NUMBERVALUE(K33)<11,0,IF(I33="Jul",IF(_xlfn.NUMBERVALUE(H33)>11,M33,_xlfn.NUMBERVALUE(K33)-11),0)),0)+IF(L33="Aug",IF(_xlfn.NUMBERVALUE(K33)>24,IF(_xlfn.NUMBERVALUE(H33)>24,0,25-_xlfn.NUMBERVALUE(H33)),IF(I33="Aug",M33,_xlfn.NUMBERVALUE(K33)-1+32-_xlfn.NUMBERVALUE(H33))),0) -> 0 | E33: 10088 | F33: 5979154621 | G33: 30 May 2026 | H33: =LEFT(G33,2) -> 30 | I33: =MID(G33,4,3) -> May | J33: 01 Jun 2026 | K33: =LEFT(J33,2) -> 01 | L33: =MID(J33,4,3) -> Jun | M33: 2 | N33: =+K33-H33 -> -29 | O33: =IF(I33=L33,0,31-H33) -> 1 | P33: =IF(I33=L33,0,K33-1) -> 0 | Q33: BOOKING | R33: ROOM | S33: 2 | T33: 1 | U33: 494.16108 | V33: 247.08054 | W33: Romania | X33: 15 Feb 2026 15:30 | Y33: 15 Feb 2026 | Z33: =MID(X33,4,3) -> Feb | AA33: =IF($I33=AA$1,IF($L33=AA$1,$M33,$O33),IF($L33=AA$1,$P33,0)) -> 1 | AB33: =IF($I33=AB$1,IF($L33=AB$1,$M33,$O33),IF($L33=AB$1,$P33,0)) -> 0 | AC33: =IF($I33=AC$1,IF($L33=AC$1,$M33,$O33),IF($L33=AC$1,$P33,0)) -> 0 | AD33: =IF($I33=AD$1,IF($L33=AD$1,$M33,$O33),IF($L33=AD$1,$P33,0)) -> 0 | AE33: =IF($I33=AE$1,IF($L33=AE$1,$M33,$O33),IF($L33=AE$1,$P33,0)) -> 0 | AF33: =SUM(AA33:AE33) -> 1 | AG33: =+AF33-M33 -> -1 | AH33: =LEFT(X33,2)&"."&VLOOKUP(MID(X33,4,3),'Data validation'!$A$1:$B$12,2,FALSE)&".2025" -> 15.02.2025 | AI33: =WEEKNUM(AH33) -> 7 | AJ33: =H33&"."&VLOOKUP(I33,'Data validation'!$A$1:$B$12,2,FALSE)&".2026" -> 30.05.2026 | AK33: =WEEKNUM(AJ33) -> 22 | AL33: =VLOOKUP(E33,[2]Sheet1!$A:$B,2,FALSE) -> #N/A
A34: =VLOOKUP(Q34,'Data validation'!$K$2:$L$50,2,FALSE) -> TO | B34: =AA34+IF(I34="Jun",IF(_xlfn.NUMBERVALUE(H34)>14,0,IF(_xlfn.NUMBERVALUE(K34)<14,M34,15-_xlfn.NUMBERVALUE(H34))),0) -> 0 | C34: =M34-B34-D34 -> 0 | D34: =IF(L34="Jul",IF(_xlfn.NUMBERVALUE(K34)<11,0,IF(I34="Jul",IF(_xlfn.NUMBERVALUE(H34)>11,M34,_xlfn.NUMBERVALUE(K34)-11),0)),0)+IF(L34="Aug",IF(_xlfn.NUMBERVALUE(K34)>24,IF(_xlfn.NUMBERVALUE(H34)>24,0,25-_xlfn.NUMBERVALUE(H34)),IF(I34="Aug",M34,_xlfn.NUMBERVALUE(K34)-1+32-_xlfn.NUMBERVALUE(H34))),0) -> 6 | E34: 10089 | F34: 1243618.234593 | G34: 14 Jul 2026 | H34: =LEFT(G34,2) -> 14 | I34: =MID(G34,4,3) -> Jul | J34: 20 Jul 2026 | K34: =LEFT(J34,2) -> 20 | L34: =MID(J34,4,3) -> Jul | M34: 6 | N34: =+K34-H34 -> 6 | O34: =IF(I34=L34,0,31-H34) -> 0 | P34: =IF(I34=L34,0,K34-1) -> 0 | Q34: СЛР-ХОЛИДЕЙ-СЪРВИС ЕООД | R34: ROOM-DELUXE | S34: 2 | T34: 1 | U34: =SUMIFS(SLR!L:L,SLR!D:D,'Резервации 2026'!E34) -> 2083.1936 | V34: =+U34/M34 -> 347.19894 | W34: Romania | X34: 15 Feb 2026 15:52 | Y34: 15 Feb 2026 | Z34: =MID(X34,4,3) -> Feb | AA34: =IF($I34=AA$1,IF($L34=AA$1,$M34,$O34),IF($L34=AA$1,$P34,0)) -> 0 | AB34: =IF($I34=AB$1,IF($L34=AB$1,$M34,$O34),IF($L34=AB$1,$P34,0)) -> 0 | AC34: =IF($I34=AC$1,IF($L34=AC$1,$M34,$O34),IF($L34=AC$1,$P34,0)) -> 6 | AD34: =IF($I34=AD$1,IF($L34=AD$1,$M34,$O34),IF($L34=AD$1,$P34,0)) -> 0 | AE34: =IF($I34=AE$1,IF($L34=AE$1,$M34,$O34),IF($L34=AE$1,$P34,0)) -> 0 | AF34: =SUM(AA34:AE34) -> 6 | AG34: =+AF34-M34 -> 0 | AH34: =LEFT(X34,2)&"."&VLOOKUP(MID(X34,4,3),'Data validation'!$A$1:$B$12,2,FALSE)&".2025" -> 15.02.2025 | AI34: =WEEKNUM(AH34) -> 7 | AJ34: =H34&"."&VLOOKUP(I34,'Data validation'!$A$1:$B$12,2,FALSE)&".2026" -> 14.07.2026 | AK34: =WEEKNUM(AJ34) -> 29 | AL34: =VLOOKUP(E34,[2]Sheet1!$A:$B,2,FALSE) -> #N/A
A35: =VLOOKUP(Q35,'Data validation'!$K$2:$L$50,2,FALSE) -> BOOKING | B35: =AA35+IF(I35="Jun",IF(_xlfn.NUMBERVALUE(H35)>14,0,IF(_xlfn.NUMBERVALUE(K35)<14,M35,15-_xlfn.NUMBERVALUE(H35))),0) -> 0 | C35: =M35-B35-D35 -> 4 | D35: =IF(L35="Jul",IF(_xlfn.NUMBERVALUE(K35)<11,0,IF(I35="Jul",IF(_xlfn.NUMBERVALUE(H35)>11,M35,_xlfn.NUMBERVALUE(K35)-11),0)),0)+IF(L35="Aug",IF(_xlfn.NUMBERVALUE(K35)>24,IF(_xlfn.NUMBERVALUE(H35)>24,0,25-_xlfn.NUMBERVALUE(H35)),IF(I35="Aug",M35,_xlfn.NUMBERVALUE(K35)-1+32-_xlfn.NUMBERVALUE(H35))),0) -> 0 | E35: 10038 | F35: 6956307117 | G35: 01 Jul 2026 | H35: =LEFT(G35,2) -> 01 | I35: =MID(G35,4,3) -> Jul | J35: 05 Jul 2026 | K35: =LEFT(J35,2) -> 05 | L35: =MID(J35,4,3) -> Jul | M35: 4 | N35: =+K35-H35 -> 4 | O35: =IF(I35=L35,0,31-H35) -> 0 | P35: =IF(I35=L35,0,K35-1) -> 0 | Q35: BOOKING | R35: ROOM | S35: 1 | T35: 2 | U35: 1720.8433 | V35: 430.21083 | W35: Bulgaria | X35: 09 Feb 2026 11:24 | Y35: 09 Feb 2026 | Z35: =MID(X35,4,3) -> Feb | AA35: =IF($I35=AA$1,IF($L35=AA$1,$M35,$O35),IF($L35=AA$1,$P35,0)) -> 0 | AB35: =IF($I35=AB$1,IF($L35=AB$1,$M35,$O35),IF($L35=AB$1,$P35,0)) -> 0 | AC35: =IF($I35=AC$1,IF($L35=AC$1,$M35,$O35),IF($L35=AC$1,$P35,0)) -> 4 | AD35: =IF($I35=AD$1,IF($L35=AD$1,$M35,$O35),IF($L35=AD$1,$P35,0)) -> 0 | AE35: =IF($I35=AE$1,IF($L35=AE$1,$M35,$O35),IF($L35=AE$1,$P35,0)) -> 0 | AF35: =SUM(AA35:AE35) -> 4 | AG35: =+AF35-M35 -> 0 | AH35: =LEFT(X35,2)&"."&VLOOKUP(MID(X35,4,3),'Data validation'!$A$1:$B$12,2,FALSE)&".2025" -> 09.02.2025 | AI35: =WEEKNUM(AH35) -> 7 | AJ35: =H35&"."&VLOOKUP(I35,'Data validation'!$A$1:$B$12,2,FALSE)&".2026" -> 01.07.2026 | AK35: =WEEKNUM(AJ35) -> 27 | AL35: =VLOOKUP(E35,[2]Sheet1!$A:$B,2,FALSE) -> Анулирана
A36: =VLOOKUP(Q36,'Data validation'!$K$2:$L$50,2,FALSE) -> TO | B36: =AA36+IF(I36="Jun",IF(_xlfn.NUMBERVALUE(H36)>14,0,IF(_xlfn.NUMBERVALUE(K36)<14,M36,15-_xlfn.NUMBERVALUE(H36))),0) -> 0 | C36: =M36-B36-D36 -> 0 | D36: =IF(L36="Jul",IF(_xlfn.NUMBERVALUE(K36)<11,0,IF(I36="Jul",IF(_xlfn.NUMBERVALUE(H36)>11,M36,_xlfn.NUMBERVALUE(K36)-11),0)),0)+IF(L36="Aug",IF(_xlfn.NUMBERVALUE(K36)>24,IF(_xlfn.NUMBERVALUE(H36)>24,0,25-_xlfn.NUMBERVALUE(H36)),IF(I36="Aug",M36,_xlfn.NUMBERVALUE(K36)-1+32-_xlfn.NUMBERVALUE(H36))),0) -> 6 | E36: 9976 | F36: 100674 | G36: 13 Jul 2026 | H36: =LEFT(G36,2) -> 13 | I36: =MID(G36,4,3) -> Jul | J36: 19 Jul 2026 | K36: =LEFT(J36,2) -> 19 | L36: =MID(J36,4,3) -> Jul | M36: 6 | N36: =+K36-H36 -> 6 | O36: =IF(I36=L36,0,31-H36) -> 0 | P36: =IF(I36=L36,0,K36-1) -> 0 | Q36: ДЕСТИНЕЙШЪН ТУРИСТИК СЪРВИСИС - ЕООД | R36: APP1-POOL | S36: 2 | T36: 1 | U36: =SUMIFS(DTS!L:L,DTS!D:D,'Резервации 2026'!E36) -> 2051.0398 | V36: =+U36/M36 -> 341.83997 | W36: Romania | X36: 02 Feb 2026 17:13 | Y36: 02 Feb 2026 | Z36: =MID(X36,4,3) -> Feb | AA36: =IF($I36=AA$1,IF($L36=AA$1,$M36,$O36),IF($L36=AA$1,$P36,0)) -> 0 | AB36: =IF($I36=AB$1,IF($L36=AB$1,$M36,$O36),IF($L36=AB$1,$P36,0)) -> 0 | AC36: =IF($I36=AC$1,IF($L36=AC$1,$M36,$O36),IF($L36=AC$1,$P36,0)) -> 6 | AD36: =IF($I36=AD$1,IF($L36=AD$1,$M36,$O36),IF($L36=AD$1,$P36,0)) -> 0 | AE36: =IF($I36=AE$1,IF($L36=AE$1,$M36,$O36),IF($L36=AE$1,$P36,0)) -> 0 | AF36: =SUM(AA36:AE36) -> 6 | AG36: =+AF36-M36 -> 0 | AH36: =LEFT(X36,2)&"."&VLOOKUP(MID(X36,4,3),'Data validation'!$A$1:$B$12,2,FALSE)&".2025" -> 02.02.2025 | AI36: =WEEKNUM(AH36) -> 6 | AJ36: =H36&"."&VLOOKUP(I36,'Data validation'!$A$1:$B$12,2,FALSE)&".2026" -> 13.07.2026 | AK36: =WEEKNUM(AJ36) -> 29 | AL36: =VLOOKUP(E36,[2]Sheet1!$A:$B,2,FALSE) -> #N/A
A37: =VLOOKUP(Q37,'Data validation'!$K$2:$L$50,2,FALSE) -> ITAKA | B37: =AA37+IF(I37="Jun",IF(_xlfn.NUMBERVALUE(H37)>14,0,IF(_xlfn.NUMBERVALUE(K37)<14,M37,15-_xlfn.NUMBERVALUE(H37))),0) -> 0 | C37: =M37-B37-D37 -> 7 | D37: =IF(L37="Jul",IF(_xlfn.NUMBERVALUE(K37)<11,0,IF(I37="Jul",IF(_xlfn.NUMBERVALUE(H37)>11,M37,_xlfn.NUMBERVALUE(K37)-11),0)),0)+IF(L37="Aug",IF(_xlfn.NUMBERVALUE(K37)>24,IF(_xlfn.NUMBERVALUE(H37)>24,0,25-_xlfn.NUMBERVALUE(H37)),IF(I37="Aug",M37,_xlfn.NUMBERVALUE(K37)-1+32-_xlfn.NUMBERVALUE(H37))),0) -> 0 | E37: 10249 | F37: 13807138 | G37: 23 Jun 2026 | H37: =LEFT(G37,2) -> 23 | I37: =MID(G37,4,3) -> Jun | J37: 30 Jun 2026 | K37: =LEFT(J37,2) -> 30 | L37: =MID(J37,4,3) -> Jun | M37: 7 | N37: =+K37-H37 -> 7 | O37: =IF(I37=L37,0,31-H37) -> 0 | P37: =IF(I37=L37,0,K37-1) -> 0 | Q37: NOWA ITAKA SPOLKA Z OGRANICZONA ODPOWIEDZIALNOSCIA | R37: ROOM-SEA | S37: 2 | T37: 0 | U37: =SUMIFS(Itaka!L:L,Itaka!D:D,'Резервации 2026'!E37) -> 1631.0253 | V37: =+U37/M37 -> 233.00362 | W37: Poland | X37: 27 Feb 2026 11:44 | Y37: 21 Feb 2026 | Z37: =MID(X37,4,3) -> Feb | AA37: =IF($I37=AA$1,IF($L37=AA$1,$M37,$O37),IF($L37=AA$1,$P37,0)) -> 0 | AB37: =IF($I37=AB$1,IF($L37=AB$1,$M37,$O37),IF($L37=AB$1,$P37,0)) -> 7 | AC37: =IF($I37=AC$1,IF($L37=AC$1,$M37,$O37),IF($L37=AC$1,$P37,0)) -> 0 | AD37: =IF($I37=AD$1,IF($L37=AD$1,$M37,$O37),IF($L37=AD$1,$P37,0)) -> 0 | AE37: =IF($I37=AE$1,IF($L37=AE$1,$M37,$O37),IF($L37=AE$1,$P37,0)) -> 0 | AF37: =SUM(AA37:AE37) -> 7 | AG37: =+AF37-M37 -> 0 | AH37: =LEFT(X37,2)&"."&VLOOKUP(MID(X37,4,3),'Data validation'!$A$1:$B$12,2,FALSE)&".2025" -> 27.02.2025 | AI37: =WEEKNUM(AH37) -> 9 | AJ37: =H37&"."&VLOOKUP(I37,'Data validation'!$A$1:$B$12,2,FALSE)&".2026" -> 23.06.2026 | AK37: =WEEKNUM(AJ37) -> 26 | AL37: =VLOOKUP(E37,[2]Sheet1!$A:$B,2,FALSE) -> #N/A
A38: =VLOOKUP(Q38,'Data validation'!$K$2:$L$50,2,FALSE) -> TO | B38: =AA38+IF(I38="Jun",IF(_xlfn.NUMBERVALUE(H38)>14,0,IF(_xlfn.NUMBERVALUE(K38)<14,M38,15-_xlfn.NUMBERVALUE(H38))),0) -> 0 | C38: =M38-B38-D38 -> 0 | D38: =IF(L38="Jul",IF(_xlfn.NUMBERVALUE(K38)<11,0,IF(I38="Jul",IF(_xlfn.NUMBERVALUE(H38)>11,M38,_xlfn.NUMBERVALUE(K38)-11),0)),0)+IF(L38="Aug",IF(_xlfn.NUMBERVALUE(K38)>24,IF(_xlfn.NUMBERVALUE(H38)>24,0,25-_xlfn.NUMBERVALUE(H38)),IF(I38="Aug",M38,_xlfn.NUMBERVALUE(K38)-1+32-_xlfn.NUMBERVALUE(H38))),0) -> 5 | E38: 10248 | F38: 2329945 | G38: 10 Aug 2026 | H38: =LEFT(G38,2) -> 10 | I38: =MID(G38,4,3) -> Aug | J38: 15 Aug 2026 | K38: =LEFT(J38,2) -> 15 | L38: =MID(J38,4,3) -> Aug | M38: 5 | N38: =+K38-H38 -> 5 | O38: =IF(I38=L38,0,31-H38) -> 0 | P38: =IF(I38=L38,0,K38-1) -> 0 | Q38: ТУРИСТИЧЕСКА АГЕНЦИЯ СОЛВЕКС - ЕООД | R38: ROOM | S38: 2 | T38: 1 | U38: =SUMIFS(Solvex!L:L,Solvex!D:D,'Резервации 2026'!E38) -> 1668.7142 | V38: =+U38/M38 -> 333.74283 | W38: Romania | X38: 27 Feb 2026 11:44 | Y38: 27 Feb 2026 | Z38: =MID(X38,4,3) -> Feb | AA38: =IF($I38=AA$1,IF($L38=AA$1,$M38,$O38),IF($L38=AA$1,$P38,0)) -> 0 | AB38: =IF($I38=AB$1,IF($L38=AB$1,$M38,$O38),IF($L38=AB$1,$P38,0)) -> 0 | AC38: =IF($I38=AC$1,IF($L38=AC$1,$M38,$O38),IF($L38=AC$1,$P38,0)) -> 0 | AD38: =IF($I38=AD$1,IF($L38=AD$1,$M38,$O38),IF($L38=AD$1,$P38,0)) -> 5 | AE38: =IF($I38=AE$1,IF($L38=AE$1,$M38,$O38),IF($L38=AE$1,$P38,0)) -> 0 | AF38: =SUM(AA38:AE38) -> 5 | AG38: =+AF38-M38 -> 0 | AH38: =LEFT(X38,2)&"."&VLOOKUP(MID(X38,4,3),'Data validation'!$A$1:$B$12,2,FALSE)&".2025" -> 27.02.2025 | AI38: =WEEKNUM(AH38) -> 9 | AJ38: =H38&"."&VLOOKUP(I38,'Data validation'!$A$1:$B$12,2,FALSE)&".2026" -> 10.08.2026 | AK38: =WEEKNUM(AJ38) -> 33 | AL38: =VLOOKUP(E38,[2]Sheet1!$A:$B,2,FALSE) -> #N/A
A39: =VLOOKUP(Q39,'Data validation'!$K$2:$L$50,2,FALSE) -> ITAKA | B39: =AA39+IF(I39="Jun",IF(_xlfn.NUMBERVALUE(H39)>14,0,IF(_xlfn.NUMBERVALUE(K39)<14,M39,15-_xlfn.NUMBERVALUE(H39))),0) -> 0 | C39: =M39-B39-D39 -> 0 | D39: =IF(L39="Jul",IF(_xlfn.NUMBERVALUE(K39)<11,0,IF(I39="Jul",IF(_xlfn.NUMBERVALUE(H39)>11,M39,_xlfn.NUMBERVALUE(K39)-11),0)),0)+IF(L39="Aug",IF(_xlfn.NUMBERVALUE(K39)>24,IF(_xlfn.NUMBERVALUE(H39)>24,0,25-_xlfn.NUMBERVALUE(H39)),IF(I39="Aug",M39,_xlfn.NUMBERVALUE(K39)-1+32-_xlfn.NUMBERVALUE(H39))),0) -> 7 | E39: 10250 | F39: 13821627 | G39: 11 Aug 2026 | H39: =LEFT(G39,2) -> 11 | I39: =MID(G39,4,3) -> Aug | J39: 18 Aug 2026 | K39: =LEFT(J39,2) -> 18 | L39: =MID(J39,4,3) -> Aug | M39: 7 | N39: =+K39-H39 -> 7 | O39: =IF(I39=L39,0,31-H39) -> 0 | P39: =IF(I39=L39,0,K39-1) -> 0 | Q39: NOWA ITAKA SPOLKA Z OGRANICZONA ODPOWIEDZIALNOSCIA | R39: ROOM-SEA | S39: 2 | T39: 1 | U39: =SUMIFS(Itaka!L:L,Itaka!D:D,'Резервации 2026'!E39) -> 1808.6929 | V39: =+U39/M39 -> 258.3847 | W39: Poland | X39: 27 Feb 2026 11:44 | Y39: 26 Feb 2026 | Z39: =MID(X39,4,3) -> Feb | AA39: =IF($I39=AA$1,IF($L39=AA$1,$M39,$O39),IF($L39=AA$1,$P39,0)) -> 0 | AB39: =IF($I39=AB$1,IF($L39=AB$1,$M39,$O39),IF($L39=AB$1,$P39,0)) -> 0 | AC39: =IF($I39=AC$1,IF($L39=AC$1,$M39,$O39),IF($L39=AC$1,$P39,0)) -> 0 | AD39: =IF($I39=AD$1,IF($L39=AD$1,$M39,$O39),IF($L39=AD$1,$P39,0)) -> 7 | AE39: =IF($I39=AE$1,IF($L39=AE$1,$M39,$O39),IF($L39=AE$1,$P39,0)) -> 0 | AF39: =SUM(AA39:AE39) -> 7 | AG39: =+AF39-M39 -> 0 | AH39: =LEFT(X39,2)&"."&VLOOKUP(MID(X39,4,3),'Data validation'!$A$1:$B$12,2,FALSE)&".2025" -> 27.02.2025 | AI39: =WEEKNUM(AH39) -> 9 | AJ39: =H39&"."&VLOOKUP(I39,'Data validation'!$A$1:$B$12,2,FALSE)&".2026" -> 11.08.2026 | AK39: =WEEKNUM(AJ39) -> 33 | AL39: =VLOOKUP(E39,[2]Sheet1!$A:$B,2,FALSE) -> #N/A
A40: =VLOOKUP(Q40,'Data validation'!$K$2:$L$50,2,FALSE) -> ITAKA | B40: =AA40+IF(I40="Jun",IF(_xlfn.NUMBERVALUE(H40)>14,0,IF(_xlfn.NUMBERVALUE(K40)<14,M40,15-_xlfn.NUMBERVALUE(H40))),0) -> 0 | C40: =M40-B40-D40 -> 7 | D40: =IF(L40="Jul",IF(_xlfn.NUMBERVALUE(K40)<11,0,IF(I40="Jul",IF(_xlfn.NUMBERVALUE(H40)>11,M40,_xlfn.NUMBERVALUE(K40)-11),0)),0)+IF(L40="Aug",IF(_xlfn.NUMBERVALUE(K40)>24,IF(_xlfn.NUMBERVALUE(H40)>24,0,25-_xlfn.NUMBERVALUE(H40)),IF(I40="Aug",M40,_xlfn.NUMBERVALUE(K40)-1+32-_xlfn.NUMBERVALUE(H40))),0) -> 0 | E40: 10254 | F40: 13816673 | G40: 28 Aug 2026 | H40: =LEFT(G40,2) -> 28 | I40: =MID(G40,4,3) -> Aug | J40: 04 Sep 2026 | K40: =LEFT(J40,2) -> 04 | L40: =MID(J40,4,3) -> Sep | M40: 7 | N40: =+K40-H40 -> -24 | O40: =IF(I40=L40,0,31-H40) -> 3 | P40: =IF(I40=L40,0,K40-1) -> 3 | Q40: NOWA ITAKA SPOLKA Z OGRANICZONA ODPOWIEDZIALNOSCIA | R40: ROOM-SEA | S40: 2 | T40: 0 | U40: =SUMIFS(Itaka!L:L,Itaka!D:D,'Резервации 2026'!E40) -> 1453.3577 | V40: =+U40/M40 -> 207.62253 | W40: Poland | X40: 27 Feb 2026 11:45 | Y40: 24 Feb 2026 | Z40: =MID(X40,4,3) -> Feb | AA40: =IF($I40=AA$1,IF($L40=AA$1,$M40,$O40),IF($L40=AA$1,$P40,0)) -> 0 | AB40: =IF($I40=AB$1,IF($L40=AB$1,$M40,$O40),IF($L40=AB$1,$P40,0)) -> 0 | AC40: =IF($I40=AC$1,IF($L40=AC$1,$M40,$O40),IF($L40=AC$1,$P40,0)) -> 0 | AD40: =IF($I40=AD$1,IF($L40=AD$1,$M40,$O40),IF($L40=AD$1,$P40,0)) -> 3 | AE40: =IF($I40=AE$1,IF($L40=AE$1,$M40,$O40),IF($L40=AE$1,$P40,0)) -> 3 | AF40: =SUM(AA40:AE40) -> 6 | AG40: =+AF40-M40 -> -1 | AH40: =LEFT(X40,2)&"."&VLOOKUP(MID(X40,4,3),'Data validation'!$A$1:$B$12,2,FALSE)&".2025" -> 27.02.2025 | AI40: =WEEKNUM(AH40) -> 9 | AJ40: =H40&"."&VLOOKUP(I40,'Data validation'!$A$1:$B$12,2,FALSE)&".2026" -> 28.08.2026 | AK40: =WEEKNUM(AJ40) -> 35 | AL40: =VLOOKUP(E40,[2]Sheet1!$A:$B,2,FALSE) -> #N/A
A41: =VLOOKUP(Q41,'Data validation'!$K$2:$L$50,2,FALSE) -> ITAKA | B41: =AA41+IF(I41="Jun",IF(_xlfn.NUMBERVALUE(H41)>14,0,IF(_xlfn.NUMBERVALUE(K41)<14,M41,15-_xlfn.NUMBERVALUE(H41))),0) -> 0 | C41: =M41-B41-D41 -> 7 | D41: =IF(L41="Jul",IF(_xlfn.NUMBERVALUE(K41)<11,0,IF(I41="Jul",IF(_xlfn.NUMBERVALUE(H41)>11,M41,_xlfn.NUMBERVALUE(K41)-11),0)),0)+IF(L41="Aug",IF(_xlfn.NUMBERVALUE(K41)>24,IF(_xlfn.NUMBERVALUE(H41)>24,0,25-_xlfn.NUMBERVALUE(H41)),IF(I41="Aug",M41,_xlfn.NUMBERVALUE(K41)-1+32-_xlfn.NUMBERVALUE(H41))),0) -> 0 | E41: 10251 | F41: 13816673 | G41: 28 Aug 2026 | H41: =LEFT(G41,2) -> 28 | I41: =MID(G41,4,3) -> Aug | J41: 04 Sep 2026 | K41: =LEFT(J41,2) -> 04 | L41: =MID(J41,4,3) -> Sep | M41: 7 | N41: =+K41-H41 -> -24 | O41: =IF(I41=L41,0,31-H41) -> 3 | P41: =IF(I41=L41,0,K41-1) -> 3 | Q41: NOWA ITAKA SPOLKA Z OGRANICZONA ODPOWIEDZIALNOSCIA | R41: ROOM-SEA | S41: 2 | T41: 1 | U41: =SUMIFS(Itaka!L:L,Itaka!D:D,'Резервации 2026'!E41) -> 1453.3577 | V41: =+U41/M41 -> 207.62253 | W41: Poland | X41: 27 Feb 2026 11:44 | Y41: 24 Feb 2026 | Z41: =MID(X41,4,3) -> Feb | AA41: =IF($I41=AA$1,IF($L41=AA$1,$M41,$O41),IF($L41=AA$1,$P41,0)) -> 0 | AB41: =IF($I41=AB$1,IF($L41=AB$1,$M41,$O41),IF($L41=AB$1,$P41,0)) -> 0 | AC41: =IF($I41=AC$1,IF($L41=AC$1,$M41,$O41),IF($L41=AC$1,$P41,0)) -> 0 | AD41: =IF($I41=AD$1,IF($L41=AD$1,$M41,$O41),IF($L41=AD$1,$P41,0)) -> 3 | AE41: =IF($I41=AE$1,IF($L41=AE$1,$M41,$O41),IF($L41=AE$1,$P41,0)) -> 3 | AF41: =SUM(AA41:AE41) -> 6 | AG41: =+AF41-M41 -> -1 | AH41: =LEFT(X41,2)&"."&VLOOKUP(MID(X41,4,3),'Data validation'!$A$1:$B$12,2,FALSE)&".2025" -> 27.02.2025 | AI41: =WEEKNUM(AH41) -> 9 | AJ41: =H41&"."&VLOOKUP(I41,'Data validation'!$A$1:$B$12,2,FALSE)&".2026" -> 28.08.2026 | AK41: =WEEKNUM(AJ41) -> 35 | AL41: =VLOOKUP(E41,[2]Sheet1!$A:$B,2,FALSE) -> #N/A
A42: =VLOOKUP(Q42,'Data validation'!$K$2:$L$50,2,FALSE) -> ITAKA | B42: =AA42+IF(I42="Jun",IF(_xlfn.NUMBERVALUE(H42)>14,0,IF(_xlfn.NUMBERVALUE(K42)<14,M42,15-_xlfn.NUMBERVALUE(H42))),0) -> 0 | C42: =M42-B42-D42 -> 7 | D42: =IF(L42="Jul",IF(_xlfn.NUMBERVALUE(K42)<11,0,IF(I42="Jul",IF(_xlfn.NUMBERVALUE(H42)>11,M42,_xlfn.NUMBERVALUE(K42)-11),0)),0)+IF(L42="Aug",IF(_xlfn.NUMBERVALUE(K42)>24,IF(_xlfn.NUMBERVALUE(H42)>24,0,25-_xlfn.NUMBERVALUE(H42)),IF(I42="Aug",M42,_xlfn.NUMBERVALUE(K42)-1+32-_xlfn.NUMBERVALUE(H42))),0) -> 0 | E42: 10252 | F42: 13816673 | G42: 28 Aug 2026 | H42: =LEFT(G42,2) -> 28 | I42: =MID(G42,4,3) -> Aug | J42: 04 Sep 2026 | K42: =LEFT(J42,2) -> 04 | L42: =MID(J42,4,3) -> Sep | M42: 7 | N42: =+K42-H42 -> -24 | O42: =IF(I42=L42,0,31-H42) -> 3 | P42: =IF(I42=L42,0,K42-1) -> 3 | Q42: NOWA ITAKA SPOLKA Z OGRANICZONA ODPOWIEDZIALNOSCIA | R42: ROOM-SEA | S42: 2 | T42: 0 | U42: =SUMIFS(Itaka!L:L,Itaka!D:D,'Резервации 2026'!E42) -> 1453.3577 | V42: =+U42/M42 -> 207.62253 | W42: Poland | X42: 27 Feb 2026 11:44 | Y42: 24 Feb 2026 | Z42: =MID(X42,4,3) -> Feb | AA42: =IF($I42=AA$1,IF($L42=AA$1,$M42,$O42),IF($L42=AA$1,$P42,0)) -> 0 | AB42: =IF($I42=AB$1,IF($L42=AB$1,$M42,$O42),IF($L42=AB$1,$P42,0)) -> 0 | AC42: =IF($I42=AC$1,IF($L42=AC$1,$M42,$O42),IF($L42=AC$1,$P42,0)) -> 0 | AD42: =IF($I42=AD$1,IF($L42=AD$1,$M42,$O42),IF($L42=AD$1,$P42,0)) -> 3 | AE42: =IF($I42=AE$1,IF($L42=AE$1,$M42,$O42),IF($L42=AE$1,$P42,0)) -> 3 | AF42: =SUM(AA42:AE42) -> 6 | AG42: =+AF42-M42 -> -1 | AH42: =LEFT(X42,2)&"."&VLOOKUP(MID(X42,4,3),'Data validation'!$A$1:$B$12,2,FALSE)&".2025" -> 27.02.2025 | AI42: =WEEKNUM(AH42) -> 9 | AJ42: =H42&"."&VLOOKUP(I42,'Data validation'!$A$1:$B$12,2,FALSE)&".2026" -> 28.08.2026 | AK42: =WEEKNUM(AJ42) -> 35 | AL42: =VLOOKUP(E42,[2]Sheet1!$A:$B,2,FALSE) -> #N/A
A43: =VLOOKUP(Q43,'Data validation'!$K$2:$L$50,2,FALSE) -> ITAKA | B43: =AA43+IF(I43="Jun",IF(_xlfn.NUMBERVALUE(H43)>14,0,IF(_xlfn.NUMBERVALUE(K43)<14,M43,15-_xlfn.NUMBERVALUE(H43))),0) -> 0 | C43: =M43-B43-D43 -> 7 | D43: =IF(L43="Jul",IF(_xlfn.NUMBERVALUE(K43)<11,0,IF(I43="Jul",IF(_xlfn.NUMBERVALUE(H43)>11,M43,_xlfn.NUMBERVALUE(K43)-11),0)),0)+IF(L43="Aug",IF(_xlfn.NUMBERVALUE(K43)>24,IF(_xlfn.NUMBERVALUE(H43)>24,0,25-_xlfn.NUMBERVALUE(H43)),IF(I43="Aug",M43,_xlfn.NUMBERVALUE(K43)-1+32-_xlfn.NUMBERVALUE(H43))),0) -> 0 | E43: 10253 | F43: 13816673 | G43: 28 Aug 2026 | H43: =LEFT(G43,2) -> 28 | I43: =MID(G43,4,3) -> Aug | J43: 04 Sep 2026 | K43: =LEFT(J43,2) -> 04 | L43: =MID(J43,4,3) -> Sep | M43: 7 | N43: =+K43-H43 -> -24 | O43: =IF(I43=L43,0,31-H43) -> 3 | P43: =IF(I43=L43,0,K43-1) -> 3 | Q43: NOWA ITAKA SPOLKA Z OGRANICZONA ODPOWIEDZIALNOSCIA | R43: ROOM-SEA | S43: 2 | T43: 0 | U43: =SUMIFS(Itaka!L:L,Itaka!D:D,'Резервации 2026'!E43) -> 1453.3577 | V43: =+U43/M43 -> 207.62253 | W43: Poland | X43: 27 Feb 2026 11:45 | Y43: 24 Feb 2026 | Z43: =MID(X43,4,3) -> Feb | AA43: =IF($I43=AA$1,IF($L43=AA$1,$M43,$O43),IF($L43=AA$1,$P43,0)) -> 0 | AB43: =IF($I43=AB$1,IF($L43=AB$1,$M43,$O43),IF($L43=AB$1,$P43,0)) -> 0 | AC43: =IF($I43=AC$1,IF($L43=AC$1,$M43,$O43),IF($L43=AC$1,$P43,0)) -> 0 | AD43: =IF($I43=AD$1,IF($L43=AD$1,$M43,$O43),IF($L43=AD$1,$P43,0)) -> 3 | AE43: =IF($I43=AE$1,IF($L43=AE$1,$M43,$O43),IF($L43=AE$1,$P43,0)) -> 3 | AF43: =SUM(AA43:AE43) -> 6 | AG43: =+AF43-M43 -> -1 | AH43: =LEFT(X43,2)&"."&VLOOKUP(MID(X43,4,3),'Data validation'!$A$1:$B$12,2,FALSE)&".2025" -> 27.02.2025 | AI43: =WEEKNUM(AH43) -> 9 | AJ43: =H43&"."&VLOOKUP(I43,'Data validation'!$A$1:$B$12,2,FALSE)&".2026" -> 28.08.2026 | AK43: =WEEKNUM(AJ43) -> 35 | AL43: =VLOOKUP(E43,[2]Sheet1!$A:$B,2,FALSE) -> #N/A
A44: =VLOOKUP(Q44,'Data validation'!$K$2:$L$50,2,FALSE) -> TO | B44: =AA44+IF(I44="Jun",IF(_xlfn.NUMBERVALUE(H44)>14,0,IF(_xlfn.NUMBERVALUE(K44)<14,M44,15-_xlfn.NUMBERVALUE(H44))),0) -> 0 | C44: =M44-B44-D44 -> 4 | D44: =IF(L44="Jul",IF(_xlfn.NUMBERVALUE(K44)<11,0,IF(I44="Jul",IF(_xlfn.NUMBERVALUE(H44)>11,M44,_xlfn.NUMBERVALUE(K44)-11),0)),0)+IF(L44="Aug",IF(_xlfn.NUMBERVALUE(K44)>24,IF(_xlfn.NUMBERVALUE(H44)>24,0,25-_xlfn.NUMBERVALUE(H44)),IF(I44="Aug",M44,_xlfn.NUMBERVALUE(K44)-1+32-_xlfn.NUMBERVALUE(H44))),0) -> 3 | E44: 9777 | F44: 1237114.231177 | G44: 22 Aug 2026 | H44: =LEFT(G44,2) -> 22 | I44: =MID(G44,4,3) -> Aug | J44: 29 Aug 2026 | K44: =LEFT(J44,2) -> 29 | L44: =MID(J44,4,3) -> Aug | M44: 7 | N44: =+K44-H44 -> 7 | O44: =IF(I44=L44,0,31-H44) -> 0 | P44: =IF(I44=L44,0,K44-1) -> 0 | Q44: СЛР-ХОЛИДЕЙ-СЪРВИС ЕООД | R44: APP1-DELUXE | S44: 2 | T44: 1 | U44: =SUMIFS(SLR!L:L,SLR!D:D,'Резервации 2026'!E44) -> 2381.4577 | V44: =+U44/M44 -> 340.20825 | W44: Romania | X44: 27 Jan 2026 14:37 | Y44: 27 Jan 2026 | Z44: =MID(X44,4,3) -> Jan | AA44: =IF($I44=AA$1,IF($L44=AA$1,$M44,$O44),IF($L44=AA$1,$P44,0)) -> 0 | AB44: =IF($I44=AB$1,IF($L44=AB$1,$M44,$O44),IF($L44=AB$1,$P44,0)) -> 0 | AC44: =IF($I44=AC$1,IF($L44=AC$1,$M44,$O44),IF($L44=AC$1,$P44,0)) -> 0 | AD44: =IF($I44=AD$1,IF($L44=AD$1,$M44,$O44),IF($L44=AD$1,$P44,0)) -> 7 | AE44: =IF($I44=AE$1,IF($L44=AE$1,$M44,$O44),IF($L44=AE$1,$P44,0)) -> 0 | AF44: =SUM(AA44:AE44) -> 7 | AG44: =+AF44-M44 -> 0 | AH44: =LEFT(X44,2)&"."&VLOOKUP(MID(X44,4,3),'Data validation'!$A$1:$B$12,2,FALSE)&".2025" -> 27.01.2025 | AI44: =WEEKNUM(AH44) -> 5 | AJ44: =H44&"."&VLOOKUP(I44,'Data validation'!$A$1:$B$12,2,FALSE)&".2026" -> 22.08.2026 | AK44: =WEEKNUM(AJ44) -> 34 | AL44: =VLOOKUP(E44,[2]Sheet1!$A:$B,2,FALSE) -> #N/A
A45: =VLOOKUP(Q45,'Data validation'!$K$2:$L$50,2,FALSE) -> TO | B45: =AA45+IF(I45="Jun",IF(_xlfn.NUMBERVALUE(H45)>14,0,IF(_xlfn.NUMBERVALUE(K45)<14,M45,15-_xlfn.NUMBERVALUE(H45))),0) -> 7 | C45: =M45-B45-D45 -> 0 | D45: =IF(L45="Jul",IF(_xlfn.NUMBERVALUE(K45)<11,0,IF(I45="Jul",IF(_xlfn.NUMBERVALUE(H45)>11,M45,_xlfn.NUMBERVALUE(K45)-11),0)),0)+IF(L45="Aug",IF(_xlfn.NUMBERVALUE(K45)>24,IF(_xlfn.NUMBERVALUE(H45)>24,0,25-_xlfn.NUMBERVALUE(H45)),IF(I45="Aug",M45,_xlfn.NUMBERVALUE(K45)-1+32-_xlfn.NUMBERVALUE(H45))),0) -> 0 | E45: 9778 | F45: 1237156.231218 | G45: 08 Jun 2026 | H45: =LEFT(G45,2) -> 08 | I45: =MID(G45,4,3) -> Jun | J45: 15 Jun 2026 | K45: =LEFT(J45,2) -> 15 | L45: =MID(J45,4,3) -> Jun | M45: 7 | N45: =+K45-H45 -> 7 | O45: =IF(I45=L45,0,31-H45) -> 0 | P45: =IF(I45=L45,0,K45-1) -> 0 | Q45: СЛР-ХОЛИДЕЙ-СЪРВИС ЕООД | R45: APP1-POOL | S45: 3 | T45: 0 | U45: =SUMIFS(SLR!L:L,SLR!D:D,'Резервации 2026'!E45) -> 1485.4138 | V45: =+U45/M45 -> 212.20197 | W45: Romania | X45: 27 Jan 2026 14:55 | Y45: 27 Jan 2026 | Z45: =MID(X45,4,3) -> Jan | AA45: =IF($I45=AA$1,IF($L45=AA$1,$M45,$O45),IF($L45=AA$1,$P45,0)) -> 0 | AB45: =IF($I45=AB$1,IF($L45=AB$1,$M45,$O45),IF($L45=AB$1,$P45,0)) -> 7 | AC45: =IF($I45=AC$1,IF($L45=AC$1,$M45,$O45),IF($L45=AC$1,$P45,0)) -> 0 | AD45: =IF($I45=AD$1,IF($L45=AD$1,$M45,$O45),IF($L45=AD$1,$P45,0)) -> 0 | AE45: =IF($I45=AE$1,IF($L45=AE$1,$M45,$O45),IF($L45=AE$1,$P45,0)) -> 0 | AF45: =SUM(AA45:AE45) -> 7 | AG45: =+AF45-M45 -> 0 | AH45: =LEFT(X45,2)&"."&VLOOKUP(MID(X45,4,3),'Data validation'!$A$1:$B$12,2,FALSE)&".2025" -> 27.01.2025 | AI45: =WEEKNUM(AH45) -> 5 | AJ45: =H45&"."&VLOOKUP(I45,'Data validation'!$A$1:$B$12,2,FALSE)&".2026" -> 08.06.2026 | AK45: =WEEKNUM(AJ45) -> 24 | AL45: =VLOOKUP(E45,[2]Sheet1!$A:$B,2,FALSE) -> #N/A
A46: =VLOOKUP(Q46,'Data validation'!$K$2:$L$50,2,FALSE) -> TO | B46: =AA46+IF(I46="Jun",IF(_xlfn.NUMBERVALUE(H46)>14,0,IF(_xlfn.NUMBERVALUE(K46)<14,M46,15-_xlfn.NUMBERVALUE(H46))),0) -> 0 | C46: =M46-B46-D46 -> 3 | D46: =IF(L46="Jul",IF(_xlfn.NUMBERVALUE(K46)<11,0,IF(I46="Jul",IF(_xlfn.NUMBERVALUE(H46)>11,M46,_xlfn.NUMBERVALUE(K46)-11),0)),0)+IF(L46="Aug",IF(_xlfn.NUMBERVALUE(K46)>24,IF(_xlfn.NUMBERVALUE(H46)>24,0,25-_xlfn.NUMBERVALUE(H46)),IF(I46="Aug",M46,_xlfn.NUMBERVALUE(K46)-1+32-_xlfn.NUMBERVALUE(H46))),0) -> 2 | E46: 10039 | F46: 1242039.233825 | G46: 08 Jul 2026 | H46: =LEFT(G46,2) -> 08 | I46: =MID(G46,4,3) -> Jul | J46: 13 Jul 2026 | K46: =LEFT(J46,2) -> 13 | L46: =MID(J46,4,3) -> Jul | M46: 5 | N46: =+K46-H46 -> 5 | O46: =IF(I46=L46,0,31-H46) -> 0 | P46: =IF(I46=L46,0,K46-1) -> 0 | Q46: СЛР-ХОЛИДЕЙ-СЪРВИС ЕООД | R46: ROOM-DELUXE | S46: 2 | T46: 1 | U46: =SUMIFS(SLR!L:L,SLR!D:D,'Резервации 2026'!E46) -> 1703.6844 | V46: =+U46/M46 -> 340.73688 | W46: Romania | X46: 09 Feb 2026 11:53 | Y46: 09 Feb 2026 | Z46: =MID(X46,4,3) -> Feb | AA46: =IF($I46=AA$1,IF($L46=AA$1,$M46,$O46),IF($L46=AA$1,$P46,0)) -> 0 | AB46: =IF($I46=AB$1,IF($L46=AB$1,$M46,$O46),IF($L46=AB$1,$P46,0)) -> 0 | AC46: =IF($I46=AC$1,IF($L46=AC$1,$M46,$O46),IF($L46=AC$1,$P46,0)) -> 5 | AD46: =IF($I46=AD$1,IF($L46=AD$1,$M46,$O46),IF($L46=AD$1,$P46,0)) -> 0 | AE46: =IF($I46=AE$1,IF($L46=AE$1,$M46,$O46),IF($L46=AE$1,$P46,0)) -> 0 | AF46: =SUM(AA46:AE46) -> 5 | AG46: =+AF46-M46 -> 0 | AH46: =LEFT(X46,2)&"."&VLOOKUP(MID(X46,4,3),'Data validation'!$A$1:$B$12,2,FALSE)&".2025" -> 09.02.2025 | AI46: =WEEKNUM(AH46) -> 7 | AJ46: =H46&"."&VLOOKUP(I46,'Data validation'!$A$1:$B$12,2,FALSE)&".2026" -> 08.07.2026 | AK46: =WEEKNUM(AJ46) -> 28 | AL46: =VLOOKUP(E46,[2]Sheet1!$A:$B,2,FALSE) -> #N/A
A47: =VLOOKUP(Q47,'Data validation'!$K$2:$L$50,2,FALSE) -> ITAKA | B47: =AA47+IF(I47="Jun",IF(_xlfn.NUMBERVALUE(H47)>14,0,IF(_xlfn.NUMBERVALUE(K47)<14,M47,15-_xlfn.NUMBERVALUE(H47))),0) -> 0 | C47: =M47-B47-D47 -> 0 | D47: =IF(L47="Jul",IF(_xlfn.NUMBERVALUE(K47)<11,0,IF(I47="Jul",IF(_xlfn.NUMBERVALUE(H47)>11,M47,_xlfn.NUMBERVALUE(K47)-11),0)),0)+IF(L47="Aug",IF(_xlfn.NUMBERVALUE(K47)>24,IF(_xlfn.NUMBERVALUE(H47)>24,0,25-_xlfn.NUMBERVALUE(H47)),IF(I47="Aug",M47,_xlfn.NUMBERVALUE(K47)-1+32-_xlfn.NUMBERVALUE(H47))),0) -> 14 | E47: 9349 | F47: 13608956 | G47: 28 Jul 2026 | H47: =LEFT(G47,2) -> 28 | I47: =MID(G47,4,3) -> Jul | J47: 11 Aug 2026 | K47: =LEFT(J47,2) -> 11 | L47: =MID(J47,4,3) -> Aug | M47: 14 | N47: =+K47-H47 -> -17 | O47: =IF(I47=L47,0,31-H47) -> 3 | P47: =IF(I47=L47,0,K47-1) -> 10 | Q47: NOWA ITAKA SPOLKA Z OGRANICZONA ODPOWIEDZIALNOSCIA | R47: ROOM-SEA | S47: 2 | T47: 1 | U47: =SUMIFS(Itaka!L:L,Itaka!D:D,'Резервации 2026'!E47) -> 3617.3858 | V47: =+U47/M47 -> 258.3847 | W47: Poland | X47: 05 Jan 2026 11:38 | Y47: 29 Dec 2025 | Z47: =MID(X47,4,3) -> Jan | AA47: =IF($I47=AA$1,IF($L47=AA$1,$M47,$O47),IF($L47=AA$1,$P47,0)) -> 0 | AB47: =IF($I47=AB$1,IF($L47=AB$1,$M47,$O47),IF($L47=AB$1,$P47,0)) -> 0 | AC47: =IF($I47=AC$1,IF($L47=AC$1,$M47,$O47),IF($L47=AC$1,$P47,0)) -> 3 | AD47: =IF($I47=AD$1,IF($L47=AD$1,$M47,$O47),IF($L47=AD$1,$P47,0)) -> 10 | AE47: =IF($I47=AE$1,IF($L47=AE$1,$M47,$O47),IF($L47=AE$1,$P47,0)) -> 0 | AF47: =SUM(AA47:AE47) -> 13 | AG47: =+AF47-M47 -> -1 | AH47: =LEFT(X47,2)&"."&VLOOKUP(MID(X47,4,3),'Data validation'!$A$1:$B$12,2,FALSE)&".2025" -> 05.01.2025 | AI47: =WEEKNUM(AH47) -> 2 | AJ47: =H47&"."&VLOOKUP(I47,'Data validation'!$A$1:$B$12,2,FALSE)&".2026" -> 28.07.2026 | AK47: =WEEKNUM(AJ47) -> 31 | AL47: =VLOOKUP(E47,[2]Sheet1!$A:$B,2,FALSE) -> #N/A
A48: =VLOOKUP(Q48,'Data validation'!$K$2:$L$50,2,FALSE) -> BOOKING | B48: =AA48+IF(I48="Jun",IF(_xlfn.NUMBERVALUE(H48)>14,0,IF(_xlfn.NUMBERVALUE(K48)<14,M48,15-_xlfn.NUMBERVALUE(H48))),0) -> 0 | C48: =M48-B48-D48 -> 0 | D48: =IF(L48="Jul",IF(_xlfn.NUMBERVALUE(K48)<11,0,IF(I48="Jul",IF(_xlfn.NUMBERVALUE(H48)>11,M48,_xlfn.NUMBERVALUE(K48)-11),0)),0)+IF(L48="Aug",IF(_xlfn.NUMBERVALUE(K48)>24,IF(_xlfn.NUMBERVALUE(H48)>24,0,25-_xlfn.NUMBERVALUE(H48)),IF(I48="Aug",M48,_xlfn.NUMBERVALUE(K48)-1+32-_xlfn.NUMBERVALUE(H48))),0) -> 3 | E48: 9779 | F48: 6591724951 | G48: 19 Aug 2026 | H48: =LEFT(G48,2) -> 19 | I48: =MID(G48,4,3) -> Aug | J48: 22 Aug 2026 | K48: =LEFT(J48,2) -> 22 | L48: =MID(J48,4,3) -> Aug | M48: 3 | N48: =+K48-H48 -> 3 | O48: =IF(I48=L48,0,31-H48) -> 0 | P48: =IF(I48=L48,0,K48-1) -> 0 | Q48: BOOKING | R48: ROOM-SEA | S48: 2 | T48: 2 | U48: 1831.3028 | V48: 610.43428 | W48: Israel | X48: 27 Jan 2026 15:26 | Y48: 27 Jan 2026 | Z48: =MID(X48,4,3) -> Jan | AA48: =IF($I48=AA$1,IF($L48=AA$1,$M48,$O48),IF($L48=AA$1,$P48,0)) -> 0 | AB48: =IF($I48=AB$1,IF($L48=AB$1,$M48,$O48),IF($L48=AB$1,$P48,0)) -> 0 | AC48: =IF($I48=AC$1,IF($L48=AC$1,$M48,$O48),IF($L48=AC$1,$P48,0)) -> 0 | AD48: =IF($I48=AD$1,IF($L48=AD$1,$M48,$O48),IF($L48=AD$1,$P48,0)) -> 3 | AE48: =IF($I48=AE$1,IF($L48=AE$1,$M48,$O48),IF($L48=AE$1,$P48,0)) -> 0 | AF48: =SUM(AA48:AE48) -> 3 | AG48: =+AF48-M48 -> 0 | AH48: =LEFT(X48,2)&"."&VLOOKUP(MID(X48,4,3),'Data validation'!$A$1:$B$12,2,FALSE)&".2025" -> 27.01.2025 | AI48: =WEEKNUM(AH48) -> 5 | AJ48: =H48&"."&VLOOKUP(I48,'Data validation'!$A$1:$B$12,2,FALSE)&".2026" -> 19.08.2026 | AK48: =WEEKNUM(AJ48) -> 34 | AL48: =VLOOKUP(E48,[2]Sheet1!$A:$B,2,FALSE) -> Анулирана
A49: =VLOOKUP(Q49,'Data validation'!$K$2:$L$50,2,FALSE) -> TO | B49: =AA49+IF(I49="Jun",IF(_xlfn.NUMBERVALUE(H49)>14,0,IF(_xlfn.NUMBERVALUE(K49)<14,M49,15-_xlfn.NUMBERVALUE(H49))),0) -> 0 | C49: =M49-B49-D49 -> 3 | D49: =IF(L49="Jul",IF(_xlfn.NUMBERVALUE(K49)<11,0,IF(I49="Jul",IF(_xlfn.NUMBERVALUE(H49)>11,M49,_xlfn.NUMBERVALUE(K49)-11),0)),0)+IF(L49="Aug",IF(_xlfn.NUMBERVALUE(K49)>24,IF(_xlfn.NUMBERVALUE(H49)>24,0,25-_xlfn.NUMBERVALUE(H49)),IF(I49="Aug",M49,_xlfn.NUMBERVALUE(K49)-1+32-_xlfn.NUMBERVALUE(H49))),0) -> 2 | E49: 10037 | F49: 2326136 | G49: 08 Jul 2026 | H49: =LEFT(G49,2) -> 08 | I49: =MID(G49,4,3) -> Jul | J49: 13 Jul 2026 | K49: =LEFT(J49,2) -> 13 | L49: =MID(J49,4,3) -> Jul | M49: 5 | N49: =+K49-H49 -> 5 | O49: =IF(I49=L49,0,31-H49) -> 0 | P49: =IF(I49=L49,0,K49-1) -> 0 | Q49: ТУРИСТИЧЕСКА АГЕНЦИЯ СОЛВЕКС - ЕООД | R49: APP1-SEA | S49: 2 | T49: 2 | U49: =SUMIFS(Solvex!L:L,Solvex!D:D,'Резервации 2026'!E49) -> 2318.1084 | V49: =+U49/M49 -> 463.62168 | W49: Romania | X49: 09 Feb 2026 10:53 | Y49: 09 Feb 2026 | Z49: =MID(X49,4,3) -> Feb | AA49: =IF($I49=AA$1,IF($L49=AA$1,$M49,$O49),IF($L49=AA$1,$P49,0)) -> 0 | AB49: =IF($I49=AB$1,IF($L49=AB$1,$M49,$O49),IF($L49=AB$1,$P49,0)) -> 0 | AC49: =IF($I49=AC$1,IF($L49=AC$1,$M49,$O49),IF($L49=AC$1,$P49,0)) -> 5 | AD49: =IF($I49=AD$1,IF($L49=AD$1,$M49,$O49),IF($L49=AD$1,$P49,0)) -> 0 | AE49: =IF($I49=AE$1,IF($L49=AE$1,$M49,$O49),IF($L49=AE$1,$P49,0)) -> 0 | AF49: =SUM(AA49:AE49) -> 5 | AG49: =+AF49-M49 -> 0 | AH49: =LEFT(X49,2)&"."&VLOOKUP(MID(X49,4,3),'Data validation'!$A$1:$B$12,2,FALSE)&".2025" -> 09.02.2025 | AI49: =WEEKNUM(AH49) -> 7 | AJ49: =H49&"."&VLOOKUP(I49,'Data validation'!$A$1:$B$12,2,FALSE)&".2026" -> 08.07.2026 | AK49: =WEEKNUM(AJ49) -> 28 | AL49: =VLOOKUP(E49,[2]Sheet1!$A:$B,2,FALSE) -> #N/A
A50: =VLOOKUP(Q50,'Data validation'!$K$2:$L$50,2,FALSE) -> BOOKING | B50: =AA50+IF(I50="Jun",IF(_xlfn.NUMBERVALUE(H50)>14,0,IF(_xlfn.NUMBERVALUE(K50)<14,M50,15-_xlfn.NUMBERVALUE(H50))),0) -> 0 | C50: =M50-B50-D50 -> 7 | D50: =IF(L50="Jul",IF(_xlfn.NUMBERVALUE(K50)<11,0,IF(I50="Jul",IF(_xlfn.NUMBERVALUE(H50)>11,M50,_xlfn.NUMBERVALUE(K50)-11),0)),0)+IF(L50="Aug",IF(_xlfn.NUMBERVALUE(K50)>24,IF(_xlfn.NUMBERVALUE(H50)>24,0,25-_xlfn.NUMBERVALUE(H50)),IF(I50="Aug",M50,_xlfn.NUMBERVALUE(K50)-1+32-_xlfn.NUMBERVALUE(H50))),0) -> 0 | E50: 10094 | F50: 6335197353 | G50: 18 Jun 2026 | H50: =LEFT(G50,2) -> 18 | I50: =MID(G50,4,3) -> Jun | J50: 25 Jun 2026 | K50: =LEFT(J50,2) -> 25 | L50: =MID(J50,4,3) -> Jun | M50: 7 | N50: =+K50-H50 -> 7 | O50: =IF(I50=L50,0,31-H50) -> 0 | P50: =IF(I50=L50,0,K50-1) -> 0 | Q50: BOOKING | R50: ROOM-SEA | S50: 2 | T50: 1 | U50: 3351.234 | V50: 478.74771 | X50: 15 Feb 2026 18:16 | Y50: 15 Feb 2026 | Z50: =MID(X50,4,3) -> Feb | AA50: =IF($I50=AA$1,IF($L50=AA$1,$M50,$O50),IF($L50=AA$1,$P50,0)) -> 0 | AB50: =IF($I50=AB$1,IF($L50=AB$1,$M50,$O50),IF($L50=AB$1,$P50,0)) -> 7 | AC50: =IF($I50=AC$1,IF($L50=AC$1,$M50,$O50),IF($L50=AC$1,$P50,0)) -> 0 | AD50: =IF($I50=AD$1,IF($L50=AD$1,$M50,$O50),IF($L50=AD$1,$P50,0)) -> 0 | AE50: =IF($I50=AE$1,IF($L50=AE$1,$M50,$O50),IF($L50=AE$1,$P50,0)) -> 0 | AF50: =SUM(AA50:AE50) -> 7 | AG50: =+AF50-M50 -> 0 | AH50: =LEFT(X50,2)&"."&VLOOKUP(MID(X50,4,3),'Data validation'!$A$1:$B$12,2,FALSE)&".2025" -> 15.02.2025 | AI50: =WEEKNUM(AH50) -> 7 | AJ50: =H50&"."&VLOOKUP(I50,'Data validation'!$A$1:$B$12,2,FALSE)&".2026" -> 18.06.2026 | AK50: =WEEKNUM(AJ50) -> 25 | AL50: =VLOOKUP(E50,[2]Sheet1!$A:$B,2,FALSE) -> Анулирана
A51: =VLOOKUP(Q51,'Data validation'!$K$2:$L$50,2,FALSE) -> BOOKING | B51: =AA51+IF(I51="Jun",IF(_xlfn.NUMBERVALUE(H51)>14,0,IF(_xlfn.NUMBERVALUE(K51)<14,M51,15-_xlfn.NUMBERVALUE(H51))),0) -> 0 | C51: =M51-B51-D51 -> 7 | D51: =IF(L51="Jul",IF(_xlfn.NUMBERVALUE(K51)<11,0,IF(I51="Jul",IF(_xlfn.NUMBERVALUE(H51)>11,M51,_xlfn.NUMBERVALUE(K51)-11),0)),0)+IF(L51="Aug",IF(_xlfn.NUMBERVALUE(K51)>24,IF(_xlfn.NUMBERVALUE(H51)>24,0,25-_xlfn.NUMBERVALUE(H51)),IF(I51="Aug",M51,_xlfn.NUMBERVALUE(K51)-1+32-_xlfn.NUMBERVALUE(H51))),0) -> 0 | E51: 10093 | F51: 5601816523 | G51: 18 Jun 2026 | H51: =LEFT(G51,2) -> 18 | I51: =MID(G51,4,3) -> Jun | J51: 25 Jun 2026 | K51: =LEFT(J51,2) -> 25 | L51: =MID(J51,4,3) -> Jun | M51: 7 | N51: =+K51-H51 -> 7 | O51: =IF(I51=L51,0,31-H51) -> 0 | P51: =IF(I51=L51,0,K51-1) -> 0 | Q51: BOOKING | R51: ROOM-SEA | S51: 2 | T51: 0 | U51: 2482.4327 | V51: 354.63325 | W51: Romania | X51: 15 Feb 2026 18:10 | Y51: 15 Feb 2026 | Z51: =MID(X51,4,3) -> Feb | AA51: =IF($I51=AA$1,IF($L51=AA$1,$M51,$O51),IF($L51=AA$1,$P51,0)) -> 0 | AB51: =IF($I51=AB$1,IF($L51=AB$1,$M51,$O51),IF($L51=AB$1,$P51,0)) -> 7 | AC51: =IF($I51=AC$1,IF($L51=AC$1,$M51,$O51),IF($L51=AC$1,$P51,0)) -> 0 | AD51: =IF($I51=AD$1,IF($L51=AD$1,$M51,$O51),IF($L51=AD$1,$P51,0)) -> 0 | AE51: =IF($I51=AE$1,IF($L51=AE$1,$M51,$O51),IF($L51=AE$1,$P51,0)) -> 0 | AF51: =SUM(AA51:AE51) -> 7 | AG51: =+AF51-M51 -> 0 | AH51: =LEFT(X51,2)&"."&VLOOKUP(MID(X51,4,3),'Data validation'!$A$1:$B$12,2,FALSE)&".2025" -> 15.02.2025 | AI51: =WEEKNUM(AH51) -> 7 | AJ51: =H51&"."&VLOOKUP(I51,'Data validation'!$A$1:$B$12,2,FALSE)&".2026" -> 18.06.2026 | AK51: =WEEKNUM(AJ51) -> 25 | AL51: =VLOOKUP(E51,[2]Sheet1!$A:$B,2,FALSE) -> Анулирана
A52: =VLOOKUP(Q52,'Data validation'!$K$2:$L$50,2,FALSE) -> TO | B52: =AA52+IF(I52="Jun",IF(_xlfn.NUMBERVALUE(H52)>14,0,IF(_xlfn.NUMBERVALUE(K52)<14,M52,15-_xlfn.NUMBERVALUE(H52))),0) -> 0 | C52: =M52-B52-D52 -> 0 | D52: =IF(L52="Jul",IF(_xlfn.NUMBERVALUE(K52)<11,0,IF(I52="Jul",IF(_xlfn.NUMBERVALUE(H52)>11,M52,_xlfn.NUMBERVALUE(K52)-11),0)),0)+IF(L52="Aug",IF(_xlfn.NUMBERVALUE(K52)>24,IF(_xlfn.NUMBERVALUE(H52)>24,0,25-_xlfn.NUMBERVALUE(H52)),IF(I52="Aug",M52,_xlfn.NUMBERVALUE(K52)-1+32-_xlfn.NUMBERVALUE(H52))),0) -> 5 | E52: 10095 | F52: 2327506 | G52: 03 Aug 2026 | H52: =LEFT(G52,2) -> 03 | I52: =MID(G52,4,3) -> Aug | J52: 08 Aug 2026 | K52: =LEFT(J52,2) -> 08 | L52: =MID(J52,4,3) -> Aug | M52: 5 | N52: =+K52-H52 -> 5 | O52: =IF(I52=L52,0,31-H52) -> 0 | P52: =IF(I52=L52,0,K52-1) -> 0 | Q52: ТУРИСТИЧЕСКА АГЕНЦИЯ СОЛВЕКС - ЕООД | R52: ROOM | S52: 2 | T52: 1 | U52: =SUMIFS(Solvex!L:L,Solvex!D:D,'Резервации 2026'!E52) -> 1668.7142 | V52: =+U52/M52 -> 333.74283 | W52: Romania | X52: 15 Feb 2026 19:14 | Y52: 15 Feb 2026 | Z52: =MID(X52,4,3) -> Feb | AA52: =IF($I52=AA$1,IF($L52=AA$1,$M52,$O52),IF($L52=AA$1,$P52,0)) -> 0 | AB52: =IF($I52=AB$1,IF($L52=AB$1,$M52,$O52),IF($L52=AB$1,$P52,0)) -> 0 | AC52: =IF($I52=AC$1,IF($L52=AC$1,$M52,$O52),IF($L52=AC$1,$P52,0)) -> 0 | AD52: =IF($I52=AD$1,IF($L52=AD$1,$M52,$O52),IF($L52=AD$1,$P52,0)) -> 5 | AE52: =IF($I52=AE$1,IF($L52=AE$1,$M52,$O52),IF($L52=AE$1,$P52,0)) -> 0 | AF52: =SUM(AA52:AE52) -> 5 | AG52: =+AF52-M52 -> 0 | AH52: =LEFT(X52,2)&"."&VLOOKUP(MID(X52,4,3),'Data validation'!$A$1:$B$12,2,FALSE)&".2025" -> 15.02.2025 | AI52: =WEEKNUM(AH52) -> 7 | AJ52: =H52&"."&VLOOKUP(I52,'Data validation'!$A$1:$B$12,2,FALSE)&".2026" -> 03.08.2026 | AK52: =WEEKNUM(AJ52) -> 32 | AL52: =VLOOKUP(E52,[2]Sheet1!$A:$B,2,FALSE) -> #N/A
A53: =VLOOKUP(Q53,'Data validation'!$K$2:$L$50,2,FALSE) -> TO | B53: =AA53+IF(I53="Jun",IF(_xlfn.NUMBERVALUE(H53)>14,0,IF(_xlfn.NUMBERVALUE(K53)<14,M53,15-_xlfn.NUMBERVALUE(H53))),0) -> 0 | C53: =M53-B53-D53 -> 0 | D53: =IF(L53="Jul",IF(_xlfn.NUMBERVALUE(K53)<11,0,IF(I53="Jul",IF(_xlfn.NUMBERVALUE(H53)>11,M53,_xlfn.NUMBERVALUE(K53)-11),0)),0)+IF(L53="Aug",IF(_xlfn.NUMBERVALUE(K53)>24,IF(_xlfn.NUMBERVALUE(H53)>24,0,25-_xlfn.NUMBERVALUE(H53)),IF(I53="Aug",M53,_xlfn.NUMBERVALUE(K53)-1+32-_xlfn.NUMBERVALUE(H53))),0) -> 5 | E53: 10096 | F53: 2327508 | G53: 03 Aug 2026 | H53: =LEFT(G53,2) -> 03 | I53: =MID(G53,4,3) -> Aug | J53: 08 Aug 2026 | K53: =LEFT(J53,2) -> 08 | L53: =MID(J53,4,3) -> Aug | M53: 5 | N53: =+K53-H53 -> 5 | O53: =IF(I53=L53,0,31-H53) -> 0 | P53: =IF(I53=L53,0,K53-1) -> 0 | Q53: ТУРИСТИЧЕСКА АГЕНЦИЯ СОЛВЕКС - ЕООД | R53: ROOM | S53: 2 | T53: 1 | U53: =SUMIFS(Solvex!L:L,Solvex!D:D,'Резервации 2026'!E53) -> 1668.7142 | V53: =+U53/M53 -> 333.74283 | W53: Romania | X53: 15 Feb 2026 19:14 | Y53: 15 Feb 2026 | Z53: =MID(X53,4,3) -> Feb | AA53: =IF($I53=AA$1,IF($L53=AA$1,$M53,$O53),IF($L53=AA$1,$P53,0)) -> 0 | AB53: =IF($I53=AB$1,IF($L53=AB$1,$M53,$O53),IF($L53=AB$1,$P53,0)) -> 0 | AC53: =IF($I53=AC$1,IF($L53=AC$1,$M53,$O53),IF($L53=AC$1,$P53,0)) -> 0 | AD53: =IF($I53=AD$1,IF($L53=AD$1,$M53,$O53),IF($L53=AD$1,$P53,0)) -> 5 | AE53: =IF($I53=AE$1,IF($L53=AE$1,$M53,$O53),IF($L53=AE$1,$P53,0)) -> 0 | AF53: =SUM(AA53:AE53) -> 5 | AG53: =+AF53-M53 -> 0 | AH53: =LEFT(X53,2)&"."&VLOOKUP(MID(X53,4,3),'Data validation'!$A$1:$B$12,2,FALSE)&".2025" -> 15.02.2025 | AI53: =WEEKNUM(AH53) -> 7 | AJ53: =H53&"."&VLOOKUP(I53,'Data validation'!$A$1:$B$12,2,FALSE)&".2026" -> 03.08.2026 | AK53: =WEEKNUM(AJ53) -> 32 | AL53: =VLOOKUP(E53,[2]Sheet1!$A:$B,2,FALSE) -> #N/A
A54: =VLOOKUP(Q54,'Data validation'!$K$2:$L$50,2,FALSE) -> TO | B54: =AA54+IF(I54="Jun",IF(_xlfn.NUMBERVALUE(H54)>14,0,IF(_xlfn.NUMBERVALUE(K54)<14,M54,15-_xlfn.NUMBERVALUE(H54))),0) -> 0 | C54: =M54-B54-D54 -> 7 | D54: =IF(L54="Jul",IF(_xlfn.NUMBERVALUE(K54)<11,0,IF(I54="Jul",IF(_xlfn.NUMBERVALUE(H54)>11,M54,_xlfn.NUMBERVALUE(K54)-11),0)),0)+IF(L54="Aug",IF(_xlfn.NUMBERVALUE(K54)>24,IF(_xlfn.NUMBERVALUE(H54)>24,0,25-_xlfn.NUMBERVALUE(H54)),IF(I54="Aug",M54,_xlfn.NUMBERVALUE(K54)-1+32-_xlfn.NUMBERVALUE(H54))),0) -> 0 | E54: 9512 | F54: 18409 | G54: 04 Jul 2026 | H54: =LEFT(G54,2) -> 04 | I54: =MID(G54,4,3) -> Jul | J54: 11 Jul 2026 | K54: =LEFT(J54,2) -> 11 | L54: =MID(J54,4,3) -> Jul | M54: 7 | N54: =+K54-H54 -> 7 | O54: =IF(I54=L54,0,31-H54) -> 0 | P54: =IF(I54=L54,0,K54-1) -> 0 | Q54: КЛУБ МАГЕЛАН - ООД | R54: APP1-POOL | S54: 2 | T54: 1 | U54: =SUMIFS(Magelan!L:L,Magelan!D:D,'Резервации 2026'!E54) -> 2082.4504 | V54: =+U54/M54 -> 297.49292 | W54: Romania | X54: 15 Jan 2026 13:48 | Y54: 15 Jan 2026 | Z54: =MID(X54,4,3) -> Jan | AA54: =IF($I54=AA$1,IF($L54=AA$1,$M54,$O54),IF($L54=AA$1,$P54,0)) -> 0 | AB54: =IF($I54=AB$1,IF($L54=AB$1,$M54,$O54),IF($L54=AB$1,$P54,0)) -> 0 | AC54: =IF($I54=AC$1,IF($L54=AC$1,$M54,$O54),IF($L54=AC$1,$P54,0)) -> 7 | AD54: =IF($I54=AD$1,IF($L54=AD$1,$M54,$O54),IF($L54=AD$1,$P54,0)) -> 0 | AE54: =IF($I54=AE$1,IF($L54=AE$1,$M54,$O54),IF($L54=AE$1,$P54,0)) -> 0 | AF54: =SUM(AA54:AE54) -> 7 | AG54: =+AF54-M54 -> 0 | AH54: =LEFT(X54,2)&"."&VLOOKUP(MID(X54,4,3),'Data validation'!$A$1:$B$12,2,FALSE)&".2025" -> 15.01.2025 | AI54: =WEEKNUM(AH54) -> 3 | AJ54: =H54&"."&VLOOKUP(I54,'Data validation'!$A$1:$B$12,2,FALSE)&".2026" -> 04.07.2026 | AK54: =WEEKNUM(AJ54) -> 27 | AL54: =VLOOKUP(E54,[2]Sheet1!$A:$B,2,FALSE) -> #N/A
A55: =VLOOKUP(Q55,'Data validation'!$K$2:$L$50,2,FALSE) -> TO | B55: =AA55+IF(I55="Jun",IF(_xlfn.NUMBERVALUE(H55)>14,0,IF(_xlfn.NUMBERVALUE(K55)<14,M55,15-_xlfn.NUMBERVALUE(H55))),0) -> 0 | C55: =M55-B55-D55 -> 7 | D55: =IF(L55="Jul",IF(_xlfn.NUMBERVALUE(K55)<11,0,IF(I55="Jul",IF(_xlfn.NUMBERVALUE(H55)>11,M55,_xlfn.NUMBERVALUE(K55)-11),0)),0)+IF(L55="Aug",IF(_xlfn.NUMBERVALUE(K55)>24,IF(_xlfn.NUMBERVALUE(H55)>24,0,25-_xlfn.NUMBERVALUE(H55)),IF(I55="Aug",M55,_xlfn.NUMBERVALUE(K55)-1+32-_xlfn.NUMBERVALUE(H55))),0) -> 0 | E55: 9514 | F55: 18411 | G55: 04 Jul 2026 | H55: =LEFT(G55,2) -> 04 | I55: =MID(G55,4,3) -> Jul | J55: 11 Jul 2026 | K55: =LEFT(J55,2) -> 11 | L55: =MID(J55,4,3) -> Jul | M55: 7 | N55: =+K55-H55 -> 7 | O55: =IF(I55=L55,0,31-H55) -> 0 | P55: =IF(I55=L55,0,K55-1) -> 0 | Q55: КЛУБ МАГЕЛАН - ООД | R55: APP1-POOL | S55: 2 | T55: 1 | U55: =SUMIFS(Magelan!L:L,Magelan!D:D,'Резервации 2026'!E55) -> 2082.4504 | V55: =+U55/M55 -> 297.49292 | W55: Romania | X55: 15 Jan 2026 13:49 | Y55: 15 Jan 2026 | Z55: =MID(X55,4,3) -> Jan | AA55: =IF($I55=AA$1,IF($L55=AA$1,$M55,$O55),IF($L55=AA$1,$P55,0)) -> 0 | AB55: =IF($I55=AB$1,IF($L55=AB$1,$M55,$O55),IF($L55=AB$1,$P55,0)) -> 0 | AC55: =IF($I55=AC$1,IF($L55=AC$1,$M55,$O55),IF($L55=AC$1,$P55,0)) -> 7 | AD55: =IF($I55=AD$1,IF($L55=AD$1,$M55,$O55),IF($L55=AD$1,$P55,0)) -> 0 | AE55: =IF($I55=AE$1,IF($L55=AE$1,$M55,$O55),IF($L55=AE$1,$P55,0)) -> 0 | AF55: =SUM(AA55:AE55) -> 7 | AG55: =+AF55-M55 -> 0 | AH55: =LEFT(X55,2)&"."&VLOOKUP(MID(X55,4,3),'Data validation'!$A$1:$B$12,2,FALSE)&".2025" -> 15.01.2025 | AI55: =WEEKNUM(AH55) -> 3 | AJ55: =H55&"."&VLOOKUP(I55,'Data validation'!$A$1:$B$12,2,FALSE)&".2026" -> 04.07.2026 | AK55: =WEEKNUM(AJ55) -> 27 | AL55: =VLOOKUP(E55,[2]Sheet1!$A:$B,2,FALSE) -> #N/A
A56: =VLOOKUP(Q56,'Data validation'!$K$2:$L$50,2,FALSE) -> TO | B56: =AA56+IF(I56="Jun",IF(_xlfn.NUMBERVALUE(H56)>14,0,IF(_xlfn.NUMBERVALUE(K56)<14,M56,15-_xlfn.NUMBERVALUE(H56))),0) -> 0 | C56: =M56-B56-D56 -> 7 | D56: =IF(L56="Jul",IF(_xlfn.NUMBERVALUE(K56)<11,0,IF(I56="Jul",IF(_xlfn.NUMBERVALUE(H56)>11,M56,_xlfn.NUMBERVALUE(K56)-11),0)),0)+IF(L56="Aug",IF(_xlfn.NUMBERVALUE(K56)>24,IF(_xlfn.NUMBERVALUE(H56)>24,0,25-_xlfn.NUMBERVALUE(H56)),IF(I56="Aug",M56,_xlfn.NUMBERVALUE(K56)-1+32-_xlfn.NUMBERVALUE(H56))),0) -> 0 | E56: 9513 | F56: 18410 | G56: 04 Jul 2026 | H56: =LEFT(G56,2) -> 04 | I56: =MID(G56,4,3) -> Jul | J56: 11 Jul 2026 | K56: =LEFT(J56,2) -> 11 | L56: =MID(J56,4,3) -> Jul | M56: 7 | N56: =+K56-H56 -> 7 | O56: =IF(I56=L56,0,31-H56) -> 0 | P56: =IF(I56=L56,0,K56-1) -> 0 | Q56: КЛУБ МАГЕЛАН - ООД | R56: APP1-POOL | S56: 2 | T56: 1 | U56: =SUMIFS(Magelan!L:L,Magelan!D:D,'Резервации 2026'!E56) -> 2082.4504 | V56: =+U56/M56 -> 297.49292 | W56: Romania | X56: 15 Jan 2026 13:48 | Y56: 15 Jan 2026 | Z56: =MID(X56,4,3) -> Jan | AA56: =IF($I56=AA$1,IF($L56=AA$1,$M56,$O56),IF($L56=AA$1,$P56,0)) -> 0 | AB56: =IF($I56=AB$1,IF($L56=AB$1,$M56,$O56),IF($L56=AB$1,$P56,0)) -> 0 | AC56: =IF($I56=AC$1,IF($L56=AC$1,$M56,$O56),IF($L56=AC$1,$P56,0)) -> 7 | AD56: =IF($I56=AD$1,IF($L56=AD$1,$M56,$O56),IF($L56=AD$1,$P56,0)) -> 0 | AE56: =IF($I56=AE$1,IF($L56=AE$1,$M56,$O56),IF($L56=AE$1,$P56,0)) -> 0 | AF56: =SUM(AA56:AE56) -> 7 | AG56: =+AF56-M56 -> 0 | AH56: =LEFT(X56,2)&"."&VLOOKUP(MID(X56,4,3),'Data validation'!$A$1:$B$12,2,FALSE)&".2025" -> 15.01.2025 | AI56: =WEEKNUM(AH56) -> 3 | AJ56: =H56&"."&VLOOKUP(I56,'Data validation'!$A$1:$B$12,2,FALSE)&".2026" -> 04.07.2026 | AK56: =WEEKNUM(AJ56) -> 27 | AL56: =VLOOKUP(E56,[2]Sheet1!$A:$B,2,FALSE) -> #N/A
A57: =VLOOKUP(Q57,'Data validation'!$K$2:$L$50,2,FALSE) -> BOOKING | B57: =AA57+IF(I57="Jun",IF(_xlfn.NUMBERVALUE(H57)>14,0,IF(_xlfn.NUMBERVALUE(K57)<14,M57,15-_xlfn.NUMBERVALUE(H57))),0) -> 4 | C57: =M57-B57-D57 -> 0 | D57: =IF(L57="Jul",IF(_xlfn.NUMBERVALUE(K57)<11,0,IF(I57="Jul",IF(_xlfn.NUMBERVALUE(H57)>11,M57,_xlfn.NUMBERVALUE(K57)-11),0)),0)+IF(L57="Aug",IF(_xlfn.NUMBERVALUE(K57)>24,IF(_xlfn.NUMBERVALUE(H57)>24,0,25-_xlfn.NUMBERVALUE(H57)),IF(I57="Aug",M57,_xlfn.NUMBERVALUE(K57)-1+32-_xlfn.NUMBERVALUE(H57))),0) -> 0 | E57: 9148 | F57: 6898114088 | G57: 08 Jun 2026 | H57: =LEFT(G57,2) -> 08 | I57: =MID(G57,4,3) -> Jun | J57: 12 Jun 2026 | K57: =LEFT(J57,2) -> 12 | L57: =MID(J57,4,3) -> Jun | M57: 4 | N57: =+K57-H57 -> 4 | O57: =IF(I57=L57,0,31-H57) -> 0 | P57: =IF(I57=L57,0,K57-1) -> 0 | Q57: BOOKING | R57: APP2-POOL | S57: 2 | T57: 3 | U57: 1685.9613 | V57: 421.49034 | W57: Israel | X57: 20 Dec 2025 11:36 | Y57: 20 Dec 2025 | Z57: =MID(X57,4,3) -> Dec | AA57: =IF($I57=AA$1,IF($L57=AA$1,$M57,$O57),IF($L57=AA$1,$P57,0)) -> 0 | AB57: =IF($I57=AB$1,IF($L57=AB$1,$M57,$O57),IF($L57=AB$1,$P57,0)) -> 4 | AC57: =IF($I57=AC$1,IF($L57=AC$1,$M57,$O57),IF($L57=AC$1,$P57,0)) -> 0 | AD57: =IF($I57=AD$1,IF($L57=AD$1,$M57,$O57),IF($L57=AD$1,$P57,0)) -> 0 | AE57: =IF($I57=AE$1,IF($L57=AE$1,$M57,$O57),IF($L57=AE$1,$P57,0)) -> 0 | AF57: =SUM(AA57:AE57) -> 4 | AG57: =+AF57-M57 -> 0 | AH57: =LEFT(X57,2)&"."&VLOOKUP(MID(X57,4,3),'Data validation'!$A$1:$B$12,2,FALSE)&".2025" -> 20.12.2025 | AI57: =WEEKNUM(AH57) -> 51 | AJ57: =H57&"."&VLOOKUP(I57,'Data validation'!$A$1:$B$12,2,FALSE)&".2026" -> 08.06.2026 | AK57: =WEEKNUM(AJ57) -> 24 | AL57: =VLOOKUP(E57,[2]Sheet1!$A:$B,2,FALSE) -> Анулирана
A58: =VLOOKUP(Q58,'Data validation'!$K$2:$L$50,2,FALSE) -> TO | B58: =AA58+IF(I58="Jun",IF(_xlfn.NUMBERVALUE(H58)>14,0,IF(_xlfn.NUMBERVALUE(K58)<14,M58,15-_xlfn.NUMBERVALUE(H58))),0) -> 0 | C58: =M58-B58-D58 -> 1 | D58: =IF(L58="Jul",IF(_xlfn.NUMBERVALUE(K58)<11,0,IF(I58="Jul",IF(_xlfn.NUMBERVALUE(H58)>11,M58,_xlfn.NUMBERVALUE(K58)-11),0)),0)+IF(L58="Aug",IF(_xlfn.NUMBERVALUE(K58)>24,IF(_xlfn.NUMBERVALUE(H58)>24,0,25-_xlfn.NUMBERVALUE(H58)),IF(I58="Aug",M58,_xlfn.NUMBERVALUE(K58)-1+32-_xlfn.NUMBERVALUE(H58))),0) -> 6 | E58: 10098 | F58: 1243682.234617 | G58: 10 Jul 2026 | H58: =LEFT(G58,2) -> 10 | I58: =MID(G58,4,3) -> Jul | J58: 17 Jul 2026 | K58: =LEFT(J58,2) -> 17 | L58: =MID(J58,4,3) -> Jul | M58: 7 | N58: =+K58-H58 -> 7 | O58: =IF(I58=L58,0,31-H58) -> 0 | P58: =IF(I58=L58,0,K58-1) -> 0 | Q58: СЛР-ХОЛИДЕЙ-СЪРВИС ЕООД | R58: ROOM | S58: 2 | T58: 1 | U58: =SUMIFS(SLR!L:L,SLR!D:D,'Резервации 2026'!E58) -> 2336.1998 | V58: =+U58/M58 -> 333.74283 | W58: Romania | X58: 15 Feb 2026 21:23 | Y58: 15 Feb 2026 | Z58: =MID(X58,4,3) -> Feb | AA58: =IF($I58=AA$1,IF($L58=AA$1,$M58,$O58),IF($L58=AA$1,$P58,0)) -> 0 | AB58: =IF($I58=AB$1,IF($L58=AB$1,$M58,$O58),IF($L58=AB$1,$P58,0)) -> 0 | AC58: =IF($I58=AC$1,IF($L58=AC$1,$M58,$O58),IF($L58=AC$1,$P58,0)) -> 7 | AD58: =IF($I58=AD$1,IF($L58=AD$1,$M58,$O58),IF($L58=AD$1,$P58,0)) -> 0 | AE58: =IF($I58=AE$1,IF($L58=AE$1,$M58,$O58),IF($L58=AE$1,$P58,0)) -> 0 | AF58: =SUM(AA58:AE58) -> 7 | AG58: =+AF58-M58 -> 0 | AH58: =LEFT(X58,2)&"."&VLOOKUP(MID(X58,4,3),'Data validation'!$A$1:$B$12,2,FALSE)&".2025" -> 15.02.2025 | AI58: =WEEKNUM(AH58) -> 7 | AJ58: =H58&"."&VLOOKUP(I58,'Data validation'!$A$1:$B$12,2,FALSE)&".2026" -> 10.07.2026 | AK58: =WEEKNUM(AJ58) -> 28 | AL58: =VLOOKUP(E58,[2]Sheet1!$A:$B,2,FALSE) -> #N/A
A59: =VLOOKUP(Q59,'Data validation'!$K$2:$L$50,2,FALSE) -> TO | B59: =AA59+IF(I59="Jun",IF(_xlfn.NUMBERVALUE(H59)>14,0,IF(_xlfn.NUMBERVALUE(K59)<14,M59,15-_xlfn.NUMBERVALUE(H59))),0) -> 0 | C59: =M59-B59-D59 -> 1 | D59: =IF(L59="Jul",IF(_xlfn.NUMBERVALUE(K59)<11,0,IF(I59="Jul",IF(_xlfn.NUMBERVALUE(H59)>11,M59,_xlfn.NUMBERVALUE(K59)-11),0)),0)+IF(L59="Aug",IF(_xlfn.NUMBERVALUE(K59)>24,IF(_xlfn.NUMBERVALUE(H59)>24,0,25-_xlfn.NUMBERVALUE(H59)),IF(I59="Aug",M59,_xlfn.NUMBERVALUE(K59)-1+32-_xlfn.NUMBERVALUE(H59))),0) -> 6 | E59: 10097 | F59: 1243682.234616 | G59: 10 Jul 2026 | H59: =LEFT(G59,2) -> 10 | I59: =MID(G59,4,3) -> Jul | J59: 17 Jul 2026 | K59: =LEFT(J59,2) -> 17 | L59: =MID(J59,4,3) -> Jul | M59: 7 | N59: =+K59-H59 -> 7 | O59: =IF(I59=L59,0,31-H59) -> 0 | P59: =IF(I59=L59,0,K59-1) -> 0 | Q59: СЛР-ХОЛИДЕЙ-СЪРВИС ЕООД | R59: ROOM | S59: 2 | T59: 1 | U59: =SUMIFS(SLR!L:L,SLR!D:D,'Резервации 2026'!E59) -> 2336.1998 | V59: =+U59/M59 -> 333.74283 | W59: Romania | X59: 15 Feb 2026 21:23 | Y59: 15 Feb 2026 | Z59: =MID(X59,4,3) -> Feb | AA59: =IF($I59=AA$1,IF($L59=AA$1,$M59,$O59),IF($L59=AA$1,$P59,0)) -> 0 | AB59: =IF($I59=AB$1,IF($L59=AB$1,$M59,$O59),IF($L59=AB$1,$P59,0)) -> 0 | AC59: =IF($I59=AC$1,IF($L59=AC$1,$M59,$O59),IF($L59=AC$1,$P59,0)) -> 7 | AD59: =IF($I59=AD$1,IF($L59=AD$1,$M59,$O59),IF($L59=AD$1,$P59,0)) -> 0 | AE59: =IF($I59=AE$1,IF($L59=AE$1,$M59,$O59),IF($L59=AE$1,$P59,0)) -> 0 | AF59: =SUM(AA59:AE59) -> 7 | AG59: =+AF59-M59 -> 0 | AH59: =LEFT(X59,2)&"."&VLOOKUP(MID(X59,4,3),'Data validation'!$A$1:$B$12,2,FALSE)&".2025" -> 15.02.2025 | AI59: =WEEKNUM(AH59) -> 7 | AJ59: =H59&"."&VLOOKUP(I59,'Data validation'!$A$1:$B$12,2,FALSE)&".2026" -> 10.07.2026 | AK59: =WEEKNUM(AJ59) -> 28 | AL59: =VLOOKUP(E59,[2]Sheet1!$A:$B,2,FALSE) -> #N/A
A60: =VLOOKUP(Q60,'Data validation'!$K$2:$L$50,2,FALSE) -> TO | B60: =AA60+IF(I60="Jun",IF(_xlfn.NUMBERVALUE(H60)>14,0,IF(_xlfn.NUMBERVALUE(K60)<14,M60,15-_xlfn.NUMBERVALUE(H60))),0) -> 0 | C60: =M60-B60-D60 -> 0 | D60: =IF(L60="Jul",IF(_xlfn.NUMBERVALUE(K60)<11,0,IF(I60="Jul",IF(_xlfn.NUMBERVALUE(H60)>11,M60,_xlfn.NUMBERVALUE(K60)-11),0)),0)+IF(L60="Aug",IF(_xlfn.NUMBERVALUE(K60)>24,IF(_xlfn.NUMBERVALUE(H60)>24,0,25-_xlfn.NUMBERVALUE(H60)),IF(I60="Aug",M60,_xlfn.NUMBERVALUE(K60)-1+32-_xlfn.NUMBERVALUE(H60))),0) -> 6 | E60: 8218 | F60: 1172907.220427 | G60: 02 Aug 2026 | H60: =LEFT(G60,2) -> 02 | I60: =MID(G60,4,3) -> Aug | J60: 08 Aug 2026 | K60: =LEFT(J60,2) -> 08 | L60: =MID(J60,4,3) -> Aug | M60: 6 | N60: =+K60-H60 -> 6 | O60: =IF(I60=L60,0,31-H60) -> 0 | P60: =IF(I60=L60,0,K60-1) -> 0 | Q60: СЛР-ХОЛИДЕЙ-СЪРВИС ЕООД | R60: ROOM-SEA | S60: 2 | T60: 1 | U60: =SUMIFS(SLR!L:L,SLR!D:D,'Резервации 2026'!E60) -> 1640.7849 | V60: =+U60/M60 -> 273.46415 | W60: Romania | X60: 07 Nov 2025 16:07 | Y60: 07 Nov 2025 | Z60: =MID(X60,4,3) -> Nov | AA60: =IF($I60=AA$1,IF($L60=AA$1,$M60,$O60),IF($L60=AA$1,$P60,0)) -> 0 | AB60: =IF($I60=AB$1,IF($L60=AB$1,$M60,$O60),IF($L60=AB$1,$P60,0)) -> 0 | AC60: =IF($I60=AC$1,IF($L60=AC$1,$M60,$O60),IF($L60=AC$1,$P60,0)) -> 0 | AD60: =IF($I60=AD$1,IF($L60=AD$1,$M60,$O60),IF($L60=AD$1,$P60,0)) -> 6 | AE60: =IF($I60=AE$1,IF($L60=AE$1,$M60,$O60),IF($L60=AE$1,$P60,0)) -> 0 | AF60: =SUM(AA60:AE60) -> 6 | AG60: =+AF60-M60 -> 0 | AH60: =LEFT(X60,2)&"."&VLOOKUP(MID(X60,4,3),'Data validation'!$A$1:$B$12,2,FALSE)&".2025" -> 07.11.2025 | AI60: =WEEKNUM(AH60) -> 45 | AJ60: =H60&"."&VLOOKUP(I60,'Data validation'!$A$1:$B$12,2,FALSE)&".2026" -> 02.08.2026 | AK60: =WEEKNUM(AJ60) -> 32 | AL60: =VLOOKUP(E60,[2]Sheet1!$A:$B,2,FALSE) -> #N/A
A61: =VLOOKUP(Q61,'Data validation'!$K$2:$L$50,2,FALSE) -> TO | B61: =AA61+IF(I61="Jun",IF(_xlfn.NUMBERVALUE(H61)>14,0,IF(_xlfn.NUMBERVALUE(K61)<14,M61,15-_xlfn.NUMBERVALUE(H61))),0) -> 0 | C61: =M61-B61-D61 -> 0 | D61: =IF(L61="Jul",IF(_xlfn.NUMBERVALUE(K61)<11,0,IF(I61="Jul",IF(_xlfn.NUMBERVALUE(H61)>11,M61,_xlfn.NUMBERVALUE(K61)-11),0)),0)+IF(L61="Aug",IF(_xlfn.NUMBERVALUE(K61)>24,IF(_xlfn.NUMBERVALUE(H61)>24,0,25-_xlfn.NUMBERVALUE(H61)),IF(I61="Aug",M61,_xlfn.NUMBERVALUE(K61)-1+32-_xlfn.NUMBERVALUE(H61))),0) -> 5 | E61: 8144 | F61: 1172296.220048 | G61: 03 Aug 2026 | H61: =LEFT(G61,2) -> 03 | I61: =MID(G61,4,3) -> Aug | J61: 08 Aug 2026 | K61: =LEFT(J61,2) -> 08 | L61: =MID(J61,4,3) -> Aug | M61: 5 | N61: =+K61-H61 -> 5 | O61: =IF(I61=L61,0,31-H61) -> 0 | P61: =IF(I61=L61,0,K61-1) -> 0 | Q61: СЛР-ХОЛИДЕЙ-СЪРВИС ЕООД | R61: ROOM-SEA | S61: 2 | T61: 1 | U61: =SUMIFS(SLR!L:L,SLR!D:D,'Резервации 2026'!E61) -> 1367.3208 | V61: =+U61/M61 -> 273.46415 | W61: Romania | X61: 07 Nov 2025 09:06 | Y61: 07 Nov 2025 | Z61: =MID(X61,4,3) -> Nov | AA61: =IF($I61=AA$1,IF($L61=AA$1,$M61,$O61),IF($L61=AA$1,$P61,0)) -> 0 | AB61: =IF($I61=AB$1,IF($L61=AB$1,$M61,$O61),IF($L61=AB$1,$P61,0)) -> 0 | AC61: =IF($I61=AC$1,IF($L61=AC$1,$M61,$O61),IF($L61=AC$1,$P61,0)) -> 0 | AD61: =IF($I61=AD$1,IF($L61=AD$1,$M61,$O61),IF($L61=AD$1,$P61,0)) -> 5 | AE61: =IF($I61=AE$1,IF($L61=AE$1,$M61,$O61),IF($L61=AE$1,$P61,0)) -> 0 | AF61: =SUM(AA61:AE61) -> 5 | AG61: =+AF61-M61 -> 0 | AH61: =LEFT(X61,2)&"."&VLOOKUP(MID(X61,4,3),'Data validation'!$A$1:$B$12,2,FALSE)&".2025" -> 07.11.2025 | AI61: =WEEKNUM(AH61) -> 45 | AJ61: =H61&"."&VLOOKUP(I61,'Data validation'!$A$1:$B$12,2,FALSE)&".2026" -> 03.08.2026 | AK61: =WEEKNUM(AJ61) -> 32 | AL61: =VLOOKUP(E61,[2]Sheet1!$A:$B,2,FALSE) -> #N/A
A62: =VLOOKUP(Q62,'Data validation'!$K$2:$L$50,2,FALSE) -> TO | B62: =AA62+IF(I62="Jun",IF(_xlfn.NUMBERVALUE(H62)>14,0,IF(_xlfn.NUMBERVALUE(K62)<14,M62,15-_xlfn.NUMBERVALUE(H62))),0) -> 0 | C62: =M62-B62-D62 -> 0 | D62: =IF(L62="Jul",IF(_xlfn.NUMBERVALUE(K62)<11,0,IF(I62="Jul",IF(_xlfn.NUMBERVALUE(H62)>11,M62,_xlfn.NUMBERVALUE(K62)-11),0)),0)+IF(L62="Aug",IF(_xlfn.NUMBERVALUE(K62)>24,IF(_xlfn.NUMBERVALUE(H62)>24,0,25-_xlfn.NUMBERVALUE(H62)),IF(I62="Aug",M62,_xlfn.NUMBERVALUE(K62)-1+32-_xlfn.NUMBERVALUE(H62))),0) -> 6 | E62: 8235 | F62: 1173198.220492 | G62: 04 Aug 2026 | H62: =LEFT(G62,2) -> 04 | I62: =MID(G62,4,3) -> Aug | J62: 10 Aug 2026 | K62: =LEFT(J62,2) -> 10 | L62: =MID(J62,4,3) -> Aug | M62: 6 | N62: =+K62-H62 -> 6 | O62: =IF(I62=L62,0,31-H62) -> 0 | P62: =IF(I62=L62,0,K62-1) -> 0 | Q62: СЛР-ХОЛИДЕЙ-СЪРВИС ЕООД | R62: APP2-POOL | S62: 2 | T62: 3 | U62: =SUMIFS(SLR!L:L,SLR!D:D,'Резервации 2026'!E62) -> 2906.8719 | V62: =+U62/M62 -> 484.47865 | W62: Romania | X62: 08 Nov 2025 13:26 | Y62: 08 Nov 2025 | Z62: =MID(X62,4,3) -> Nov | AA62: =IF($I62=AA$1,IF($L62=AA$1,$M62,$O62),IF($L62=AA$1,$P62,0)) -> 0 | AB62: =IF($I62=AB$1,IF($L62=AB$1,$M62,$O62),IF($L62=AB$1,$P62,0)) -> 0 | AC62: =IF($I62=AC$1,IF($L62=AC$1,$M62,$O62),IF($L62=AC$1,$P62,0)) -> 0 | AD62: =IF($I62=AD$1,IF($L62=AD$1,$M62,$O62),IF($L62=AD$1,$P62,0)) -> 6 | AE62: =IF($I62=AE$1,IF($L62=AE$1,$M62,$O62),IF($L62=AE$1,$P62,0)) -> 0 | AF62: =SUM(AA62:AE62) -> 6 | AG62: =+AF62-M62 -> 0 | AH62: =LEFT(X62,2)&"."&VLOOKUP(MID(X62,4,3),'Data validation'!$A$1:$B$12,2,FALSE)&".2025" -> 08.11.2025 | AI62: =WEEKNUM(AH62) -> 45 | AJ62: =H62&"."&VLOOKUP(I62,'Data validation'!$A$1:$B$12,2,FALSE)&".2026" -> 04.08.2026 | AK62: =WEEKNUM(AJ62) -> 32 | AL62: =VLOOKUP(E62,[2]Sheet1!$A:$B,2,FALSE) -> #N/A
A63: =VLOOKUP(Q63,'Data validation'!$K$2:$L$50,2,FALSE) -> TO | B63: =AA63+IF(I63="Jun",IF(_xlfn.NUMBERVALUE(H63)>14,0,IF(_xlfn.NUMBERVALUE(K63)<14,M63,15-_xlfn.NUMBERVALUE(H63))),0) -> 0 | C63: =M63-B63-D63 -> 0 | D63: =IF(L63="Jul",IF(_xlfn.NUMBERVALUE(K63)<11,0,IF(I63="Jul",IF(_xlfn.NUMBERVALUE(H63)>11,M63,_xlfn.NUMBERVALUE(K63)-11),0)),0)+IF(L63="Aug",IF(_xlfn.NUMBERVALUE(K63)>24,IF(_xlfn.NUMBERVALUE(H63)>24,0,25-_xlfn.NUMBERVALUE(H63)),IF(I63="Aug",M63,_xlfn.NUMBERVALUE(K63)-1+32-_xlfn.NUMBERVALUE(H63))),0) -> 5 | E63: 8228 | F63: 1173090.220469 | G63: 01 Aug 2026 | H63: =LEFT(G63,2) -> 01 | I63: =MID(G63,4,3) -> Aug | J63: 06 Aug 2026 | K63: =LEFT(J63,2) -> 06 | L63: =MID(J63,4,3) -> Aug | M63: 5 | N63: =+K63-H63 -> 5 | O63: =IF(I63=L63,0,31-H63) -> 0 | P63: =IF(I63=L63,0,K63-1) -> 0 | Q63: СЛР-ХОЛИДЕЙ-СЪРВИС ЕООД | R63: APP1-DELUXE | S63: 2 | T63: 0 | U63: =SUMIFS(SLR!L:L,SLR!D:D,'Резервации 2026'!E63) -> 1550.2886 | V63: =+U63/M63 -> 310.05773 | W63: Romania | X63: 07 Nov 2025 21:25 | Y63: 07 Nov 2025 | Z63: =MID(X63,4,3) -> Nov | AA63: =IF($I63=AA$1,IF($L63=AA$1,$M63,$O63),IF($L63=AA$1,$P63,0)) -> 0 | AB63: =IF($I63=AB$1,IF($L63=AB$1,$M63,$O63),IF($L63=AB$1,$P63,0)) -> 0 | AC63: =IF($I63=AC$1,IF($L63=AC$1,$M63,$O63),IF($L63=AC$1,$P63,0)) -> 0 | AD63: =IF($I63=AD$1,IF($L63=AD$1,$M63,$O63),IF($L63=AD$1,$P63,0)) -> 5 | AE63: =IF($I63=AE$1,IF($L63=AE$1,$M63,$O63),IF($L63=AE$1,$P63,0)) -> 0 | AF63: =SUM(AA63:AE63) -> 5 | AG63: =+AF63-M63 -> 0 | AH63: =LEFT(X63,2)&"."&VLOOKUP(MID(X63,4,3),'Data validation'!$A$1:$B$12,2,FALSE)&".2025" -> 07.11.2025 | AI63: =WEEKNUM(AH63) -> 45 | AJ63: =H63&"."&VLOOKUP(I63,'Data validation'!$A$1:$B$12,2,FALSE)&".2026" -> 01.08.2026 | AK63: =WEEKNUM(AJ63) -> 31 | AL63: =VLOOKUP(E63,[2]Sheet1!$A:$B,2,FALSE) -> #N/A
A64: =VLOOKUP(Q64,'Data validation'!$K$2:$L$50,2,FALSE) -> TO | B64: =AA64+IF(I64="Jun",IF(_xlfn.NUMBERVALUE(H64)>14,0,IF(_xlfn.NUMBERVALUE(K64)<14,M64,15-_xlfn.NUMBERVALUE(H64))),0) -> 0 | C64: =M64-B64-D64 -> 0 | D64: =IF(L64="Jul",IF(_xlfn.NUMBERVALUE(K64)<11,0,IF(I64="Jul",IF(_xlfn.NUMBERVALUE(H64)>11,M64,_xlfn.NUMBERVALUE(K64)-11),0)),0)+IF(L64="Aug",IF(_xlfn.NUMBERVALUE(K64)>24,IF(_xlfn.NUMBERVALUE(H64)>24,0,25-_xlfn.NUMBERVALUE(H64)),IF(I64="Aug",M64,_xlfn.NUMBERVALUE(K64)-1+32-_xlfn.NUMBERVALUE(H64))),0) -> 9 | E64: 8149 | F64: 1172226.220273 | G64: 10 Aug 2026 | H64: =LEFT(G64,2) -> 10 | I64: =MID(G64,4,3) -> Aug | J64: 19 Aug 2026 | K64: =LEFT(J64,2) -> 19 | L64: =MID(J64,4,3) -> Aug | M64: 9 | N64: =+K64-H64 -> 9 | O64: =IF(I64=L64,0,31-H64) -> 0 | P64: =IF(I64=L64,0,K64-1) -> 0 | Q64: СЛР-ХОЛИДЕЙ-СЪРВИС ЕООД | R64: APP1-DELUXE | S64: 2 | T64: 2 | U64: =SUMIFS(SLR!L:L,SLR!D:D,'Резервации 2026'!E64) -> 3488.2815 | V64: =+U64/M64 -> 387.58683 | W64: Romania | X64: 07 Nov 2025 10:25 | Y64: 07 Nov 2025 | Z64: =MID(X64,4,3) -> Nov | AA64: =IF($I64=AA$1,IF($L64=AA$1,$M64,$O64),IF($L64=AA$1,$P64,0)) -> 0 | AB64: =IF($I64=AB$1,IF($L64=AB$1,$M64,$O64),IF($L64=AB$1,$P64,0)) -> 0 | AC64: =IF($I64=AC$1,IF($L64=AC$1,$M64,$O64),IF($L64=AC$1,$P64,0)) -> 0 | AD64: =IF($I64=AD$1,IF($L64=AD$1,$M64,$O64),IF($L64=AD$1,$P64,0)) -> 9 | AE64: =IF($I64=AE$1,IF($L64=AE$1,$M64,$O64),IF($L64=AE$1,$P64,0)) -> 0 | AF64: =SUM(AA64:AE64) -> 9 | AG64: =+AF64-M64 -> 0 | AH64: =LEFT(X64,2)&"."&VLOOKUP(MID(X64,4,3),'Data validation'!$A$1:$B$12,2,FALSE)&".2025" -> 07.11.2025 | AI64: =WEEKNUM(AH64) -> 45 | AJ64: =H64&"."&VLOOKUP(I64,'Data validation'!$A$1:$B$12,2,FALSE)&".2026" -> 10.08.2026 | AK64: =WEEKNUM(AJ64) -> 33 | AL64: =VLOOKUP(E64,[2]Sheet1!$A:$B,2,FALSE) -> #N/A
A65: =VLOOKUP(Q65,'Data validation'!$K$2:$L$50,2,FALSE) -> TO | B65: =AA65+IF(I65="Jun",IF(_xlfn.NUMBERVALUE(H65)>14,0,IF(_xlfn.NUMBERVALUE(K65)<14,M65,15-_xlfn.NUMBERVALUE(H65))),0) -> 0 | C65: =M65-B65-D65 -> 0 | D65: =IF(L65="Jul",IF(_xlfn.NUMBERVALUE(K65)<11,0,IF(I65="Jul",IF(_xlfn.NUMBERVALUE(H65)>11,M65,_xlfn.NUMBERVALUE(K65)-11),0)),0)+IF(L65="Aug",IF(_xlfn.NUMBERVALUE(K65)>24,IF(_xlfn.NUMBERVALUE(H65)>24,0,25-_xlfn.NUMBERVALUE(H65)),IF(I65="Aug",M65,_xlfn.NUMBERVALUE(K65)-1+32-_xlfn.NUMBERVALUE(H65))),0) -> 7 | E65: 8147 | F65: 1172325.220241 | G65: 11 Aug 2026 | H65: =LEFT(G65,2) -> 11 | I65: =MID(G65,4,3) -> Aug | J65: 18 Aug 2026 | K65: =LEFT(J65,2) -> 18 | L65: =MID(J65,4,3) -> Aug | M65: 7 | N65: =+K65-H65 -> 7 | O65: =IF(I65=L65,0,31-H65) -> 0 | P65: =IF(I65=L65,0,K65-1) -> 0 | Q65: СЛР-ХОЛИДЕЙ-СЪРВИС ЕООД | R65: APP1-DELUXE | S65: 2 | T65: 2 | U65: =SUMIFS(SLR!L:L,SLR!D:D,'Резервации 2026'!E65) -> 2713.1078 | V65: =+U65/M65 -> 387.58683 | W65: Romania | X65: 07 Nov 2025 10:11 | Y65: 07 Nov 2025 | Z65: =MID(X65,4,3) -> Nov | AA65: =IF($I65=AA$1,IF($L65=AA$1,$M65,$O65),IF($L65=AA$1,$P65,0)) -> 0 | AB65: =IF($I65=AB$1,IF($L65=AB$1,$M65,$O65),IF($L65=AB$1,$P65,0)) -> 0 | AC65: =IF($I65=AC$1,IF($L65=AC$1,$M65,$O65),IF($L65=AC$1,$P65,0)) -> 0 | AD65: =IF($I65=AD$1,IF($L65=AD$1,$M65,$O65),IF($L65=AD$1,$P65,0)) -> 7 | AE65: =IF($I65=AE$1,IF($L65=AE$1,$M65,$O65),IF($L65=AE$1,$P65,0)) -> 0 | AF65: =SUM(AA65:AE65) -> 7 | AG65: =+AF65-M65 -> 0 | AH65: =LEFT(X65,2)&"."&VLOOKUP(MID(X65,4,3),'Data validation'!$A$1:$B$12,2,FALSE)&".2025" -> 07.11.2025 | AI65: =WEEKNUM(AH65) -> 45 | AJ65: =H65&"."&VLOOKUP(I65,'Data validation'!$A$1:$B$12,2,FALSE)&".2026" -> 11.08.2026 | AK65: =WEEKNUM(AJ65) -> 33 | AL65: =VLOOKUP(E65,[2]Sheet1!$A:$B,2,FALSE) -> #N/A
A66: =VLOOKUP(Q66,'Data validation'!$K$2:$L$50,2,FALSE) -> TO | B66: =AA66+IF(I66="Jun",IF(_xlfn.NUMBERVALUE(H66)>14,0,IF(_xlfn.NUMBERVALUE(K66)<14,M66,15-_xlfn.NUMBERVALUE(H66))),0) -> 0 | C66: =M66-B66-D66 -> 0 | D66: =IF(L66="Jul",IF(_xlfn.NUMBERVALUE(K66)<11,0,IF(I66="Jul",IF(_xlfn.NUMBERVALUE(H66)>11,M66,_xlfn.NUMBERVALUE(K66)-11),0)),0)+IF(L66="Aug",IF(_xlfn.NUMBERVALUE(K66)>24,IF(_xlfn.NUMBERVALUE(H66)>24,0,25-_xlfn.NUMBERVALUE(H66)),IF(I66="Aug",M66,_xlfn.NUMBERVALUE(K66)-1+32-_xlfn.NUMBERVALUE(H66))),0) -> 7 | E66: 8148 | F66: 1172203.220271 | G66: 12 Aug 2026 | H66: =LEFT(G66,2) -> 12 | I66: =MID(G66,4,3) -> Aug | J66: 19 Aug 2026 | K66: =LEFT(J66,2) -> 19 | L66: =MID(J66,4,3) -> Aug | M66: 7 | N66: =+K66-H66 -> 7 | O66: =IF(I66=L66,0,31-H66) -> 0 | P66: =IF(I66=L66,0,K66-1) -> 0 | Q66: СЛР-ХОЛИДЕЙ-СЪРВИС ЕООД | R66: APP1-DELUXE | S66: 2 | T66: 2 | U66: =SUMIFS(SLR!L:L,SLR!D:D,'Резервации 2026'!E66) -> 2713.1078 | V66: =+U66/M66 -> 387.58683 | W66: Romania | X66: 07 Nov 2025 10:24 | Y66: 07 Nov 2025 | Z66: =MID(X66,4,3) -> Nov | AA66: =IF($I66=AA$1,IF($L66=AA$1,$M66,$O66),IF($L66=AA$1,$P66,0)) -> 0 | AB66: =IF($I66=AB$1,IF($L66=AB$1,$M66,$O66),IF($L66=AB$1,$P66,0)) -> 0 | AC66: =IF($I66=AC$1,IF($L66=AC$1,$M66,$O66),IF($L66=AC$1,$P66,0)) -> 0 | AD66: =IF($I66=AD$1,IF($L66=AD$1,$M66,$O66),IF($L66=AD$1,$P66,0)) -> 7 | AE66: =IF($I66=AE$1,IF($L66=AE$1,$M66,$O66),IF($L66=AE$1,$P66,0)) -> 0 | AF66: =SUM(AA66:AE66) -> 7 | AG66: =+AF66-M66 -> 0 | AH66: =LEFT(X66,2)&"."&VLOOKUP(MID(X66,4,3),'Data validation'!$A$1:$B$12,2,FALSE)&".2025" -> 07.11.2025 | AI66: =WEEKNUM(AH66) -> 45 | AJ66: =H66&"."&VLOOKUP(I66,'Data validation'!$A$1:$B$12,2,FALSE)&".2026" -> 12.08.2026 | AK66: =WEEKNUM(AJ66) -> 33 | AL66: =VLOOKUP(E66,[2]Sheet1!$A:$B,2,FALSE) -> #N/A
A67: =VLOOKUP(Q67,'Data validation'!$K$2:$L$50,2,FALSE) -> TO | B67: =AA67+IF(I67="Jun",IF(_xlfn.NUMBERVALUE(H67)>14,0,IF(_xlfn.NUMBERVALUE(K67)<14,M67,15-_xlfn.NUMBERVALUE(H67))),0) -> 0 | C67: =M67-B67-D67 -> 0 | D67: =IF(L67="Jul",IF(_xlfn.NUMBERVALUE(K67)<11,0,IF(I67="Jul",IF(_xlfn.NUMBERVALUE(H67)>11,M67,_xlfn.NUMBERVALUE(K67)-11),0)),0)+IF(L67="Aug",IF(_xlfn.NUMBERVALUE(K67)>24,IF(_xlfn.NUMBERVALUE(H67)>24,0,25-_xlfn.NUMBERVALUE(H67)),IF(I67="Aug",M67,_xlfn.NUMBERVALUE(K67)-1+32-_xlfn.NUMBERVALUE(H67))),0) -> 5 | E67: 8234 | F67: 1173170.220487 | G67: 17 Aug 2026 | H67: =LEFT(G67,2) -> 17 | I67: =MID(G67,4,3) -> Aug | J67: 22 Aug 2026 | K67: =LEFT(J67,2) -> 22 | L67: =MID(J67,4,3) -> Aug | M67: 5 | N67: =+K67-H67 -> 5 | O67: =IF(I67=L67,0,31-H67) -> 0 | P67: =IF(I67=L67,0,K67-1) -> 0 | Q67: СЛР-ХОЛИДЕЙ-СЪРВИС ЕООД | R67: ROOM-DELUXE | S67: 2 | T67: 1 | U67: =SUMIFS(SLR!L:L,SLR!D:D,'Резервации 2026'!E67) -> 1388.8349 | V67: =+U67/M67 -> 277.76698 | W67: Romania | X67: 08 Nov 2025 11:36 | Y67: 08 Nov 2025 | Z67: =MID(X67,4,3) -> Nov | AA67: =IF($I67=AA$1,IF($L67=AA$1,$M67,$O67),IF($L67=AA$1,$P67,0)) -> 0 | AB67: =IF($I67=AB$1,IF($L67=AB$1,$M67,$O67),IF($L67=AB$1,$P67,0)) -> 0 | AC67: =IF($I67=AC$1,IF($L67=AC$1,$M67,$O67),IF($L67=AC$1,$P67,0)) -> 0 | AD67: =IF($I67=AD$1,IF($L67=AD$1,$M67,$O67),IF($L67=AD$1,$P67,0)) -> 5 | AE67: =IF($I67=AE$1,IF($L67=AE$1,$M67,$O67),IF($L67=AE$1,$P67,0)) -> 0 | AF67: =SUM(AA67:AE67) -> 5 | AG67: =+AF67-M67 -> 0 | AH67: =LEFT(X67,2)&"."&VLOOKUP(MID(X67,4,3),'Data validation'!$A$1:$B$12,2,FALSE)&".2025" -> 08.11.2025 | AI67: =WEEKNUM(AH67) -> 45 | AJ67: =H67&"."&VLOOKUP(I67,'Data validation'!$A$1:$B$12,2,FALSE)&".2026" -> 17.08.2026 | AK67: =WEEKNUM(AJ67) -> 34 | AL67: =VLOOKUP(E67,[2]Sheet1!$A:$B,2,FALSE) -> #N/A
A68: =VLOOKUP(Q68,'Data validation'!$K$2:$L$50,2,FALSE) -> TO | B68: =AA68+IF(I68="Jun",IF(_xlfn.NUMBERVALUE(H68)>14,0,IF(_xlfn.NUMBERVALUE(K68)<14,M68,15-_xlfn.NUMBERVALUE(H68))),0) -> 0 | C68: =M68-B68-D68 -> 5 | D68: =IF(L68="Jul",IF(_xlfn.NUMBERVALUE(K68)<11,0,IF(I68="Jul",IF(_xlfn.NUMBERVALUE(H68)>11,M68,_xlfn.NUMBERVALUE(K68)-11),0)),0)+IF(L68="Aug",IF(_xlfn.NUMBERVALUE(K68)>24,IF(_xlfn.NUMBERVALUE(H68)>24,0,25-_xlfn.NUMBERVALUE(H68)),IF(I68="Aug",M68,_xlfn.NUMBERVALUE(K68)-1+32-_xlfn.NUMBERVALUE(H68))),0) -> 0 | E68: 8184 | F68: 1172592.220377 | G68: 01 Sep 2026 | H68: =LEFT(G68,2) -> 01 | I68: =MID(G68,4,3) -> Sep | J68: 06 Sep 2026 | K68: =LEFT(J68,2) -> 06 | L68: =MID(J68,4,3) -> Sep | M68: 5 | N68: =+K68-H68 -> 5 | O68: =IF(I68=L68,0,31-H68) -> 0 | P68: =IF(I68=L68,0,K68-1) -> 0 | Q68: СЛР-ХОЛИДЕЙ-СЪРВИС ЕООД | R68: ROOM-SEA | S68: 2 | T68: 2 | U68: =SUMIFS(SLR!L:L,SLR!D:D,'Резервации 2026'!E68) -> 1359.2041 | V68: =+U68/M68 -> 271.84081 | W68: Romania | X68: 07 Nov 2025 12:09 | Y68: 07 Nov 2025 | Z68: =MID(X68,4,3) -> Nov | AA68: =IF($I68=AA$1,IF($L68=AA$1,$M68,$O68),IF($L68=AA$1,$P68,0)) -> 0 | AB68: =IF($I68=AB$1,IF($L68=AB$1,$M68,$O68),IF($L68=AB$1,$P68,0)) -> 0 | AC68: =IF($I68=AC$1,IF($L68=AC$1,$M68,$O68),IF($L68=AC$1,$P68,0)) -> 0 | AD68: =IF($I68=AD$1,IF($L68=AD$1,$M68,$O68),IF($L68=AD$1,$P68,0)) -> 0 | AE68: =IF($I68=AE$1,IF($L68=AE$1,$M68,$O68),IF($L68=AE$1,$P68,0)) -> 5 | AF68: =SUM(AA68:AE68) -> 5 | AG68: =+AF68-M68 -> 0 | AH68: =LEFT(X68,2)&"."&VLOOKUP(MID(X68,4,3),'Data validation'!$A$1:$B$12,2,FALSE)&".2025" -> 07.11.2025 | AI68: =WEEKNUM(AH68) -> 45 | AJ68: =H68&"."&VLOOKUP(I68,'Data validation'!$A$1:$B$12,2,FALSE)&".2026" -> 01.09.2026 | AK68: =WEEKNUM(AJ68) -> 36 | AL68: =VLOOKUP(E68,[2]Sheet1!$A:$B,2,FALSE) -> #N/A
A69: =VLOOKUP(Q69,'Data validation'!$K$2:$L$50,2,FALSE) -> TO | B69: =AA69+IF(I69="Jun",IF(_xlfn.NUMBERVALUE(H69)>14,0,IF(_xlfn.NUMBERVALUE(K69)<14,M69,15-_xlfn.NUMBERVALUE(H69))),0) -> 0 | C69: =M69-B69-D69 -> 0 | D69: =IF(L69="Jul",IF(_xlfn.NUMBERVALUE(K69)<11,0,IF(I69="Jul",IF(_xlfn.NUMBERVALUE(H69)>11,M69,_xlfn.NUMBERVALUE(K69)-11),0)),0)+IF(L69="Aug",IF(_xlfn.NUMBERVALUE(K69)>24,IF(_xlfn.NUMBERVALUE(H69)>24,0,25-_xlfn.NUMBERVALUE(H69)),IF(I69="Aug",M69,_xlfn.NUMBERVALUE(K69)-1+32-_xlfn.NUMBERVALUE(H69))),0) -> 6 | E69: 9515 | F69: 52141 | G69: 01 Aug 2026 | H69: =LEFT(G69,2) -> 01 | I69: =MID(G69,4,3) -> Aug | J69: 07 Aug 2026 | K69: =LEFT(J69,2) -> 07 | L69: =MID(J69,4,3) -> Aug | M69: 6 | N69: =+K69-H69 -> 6 | O69: =IF(I69=L69,0,31-H69) -> 0 | P69: =IF(I69=L69,0,K69-1) -> 0 | Q69: КЛУБ МАГЕЛАН - ООД | R69: ROOM-DELUXE | S69: 2 | T69: 0 | U69: =SUMIFS(Magelan!L:L,Magelan!D:D,'Резервации 2026'!E69) -> 1944.2515 | V69: =+U69/M69 -> 324.04191 | W69: Romania | X69: 15 Jan 2026 14:43 | Y69: 15 Jan 2026 | Z69: =MID(X69,4,3) -> Jan | AA69: =IF($I69=AA$1,IF($L69=AA$1,$M69,$O69),IF($L69=AA$1,$P69,0)) -> 0 | AB69: =IF($I69=AB$1,IF($L69=AB$1,$M69,$O69),IF($L69=AB$1,$P69,0)) -> 0 | AC69: =IF($I69=AC$1,IF($L69=AC$1,$M69,$O69),IF($L69=AC$1,$P69,0)) -> 0 | AD69: =IF($I69=AD$1,IF($L69=AD$1,$M69,$O69),IF($L69=AD$1,$P69,0)) -> 6 | AE69: =IF($I69=AE$1,IF($L69=AE$1,$M69,$O69),IF($L69=AE$1,$P69,0)) -> 0 | AF69: =SUM(AA69:AE69) -> 6 | AG69: =+AF69-M69 -> 0 | AH69: =LEFT(X69,2)&"."&VLOOKUP(MID(X69,4,3),'Data validation'!$A$1:$B$12,2,FALSE)&".2025" -> 15.01.2025 | AI69: =WEEKNUM(AH69) -> 3 | AJ69: =H69&"."&VLOOKUP(I69,'Data validation'!$A$1:$B$12,2,FALSE)&".2026" -> 01.08.2026 | AK69: =WEEKNUM(AJ69) -> 31 | AL69: =VLOOKUP(E69,[2]Sheet1!$A:$B,2,FALSE) -> #N/A
A70: =VLOOKUP(Q70,'Data validation'!$K$2:$L$50,2,FALSE) -> BOOKING | B70: =AA70+IF(I70="Jun",IF(_xlfn.NUMBERVALUE(H70)>14,0,IF(_xlfn.NUMBERVALUE(K70)<14,M70,15-_xlfn.NUMBERVALUE(H70))),0) -> 0 | C70: =M70-B70-D70 -> 5 | D70: =IF(L70="Jul",IF(_xlfn.NUMBERVALUE(K70)<11,0,IF(I70="Jul",IF(_xlfn.NUMBERVALUE(H70)>11,M70,_xlfn.NUMBERVALUE(K70)-11),0)),0)+IF(L70="Aug",IF(_xlfn.NUMBERVALUE(K70)>24,IF(_xlfn.NUMBERVALUE(H70)>24,0,25-_xlfn.NUMBERVALUE(H70)),IF(I70="Aug",M70,_xlfn.NUMBERVALUE(K70)-1+32-_xlfn.NUMBERVALUE(H70))),0) -> 0 | E70: 9638 | F70: 6811987913 | G70: 31 Aug 2026 | H70: =LEFT(G70,2) -> 31 | I70: =MID(G70,4,3) -> Aug | J70: 05 Sep 2026 | K70: =LEFT(J70,2) -> 05 | L70: =MID(J70,4,3) -> Sep | M70: 5 | N70: =+K70-H70 -> -26 | O70: =IF(I70=L70,0,31-H70) -> 0 | P70: =IF(I70=L70,0,K70-1) -> 4 | Q70: BOOKING | R70: APP1-POOL | S70: 2 | T70: 2 | U70: 2393.7385 | V70: 478.74771 | W70: Romania | X70: 22 Jan 2026 01:12 | Y70: 21 Jan 2026 | Z70: =MID(X70,4,3) -> Jan | AA70: =IF($I70=AA$1,IF($L70=AA$1,$M70,$O70),IF($L70=AA$1,$P70,0)) -> 0 | AB70: =IF($I70=AB$1,IF($L70=AB$1,$M70,$O70),IF($L70=AB$1,$P70,0)) -> 0 | AC70: =IF($I70=AC$1,IF($L70=AC$1,$M70,$O70),IF($L70=AC$1,$P70,0)) -> 0 | AD70: =IF($I70=AD$1,IF($L70=AD$1,$M70,$O70),IF($L70=AD$1,$P70,0)) -> 0 | AE70: =IF($I70=AE$1,IF($L70=AE$1,$M70,$O70),IF($L70=AE$1,$P70,0)) -> 4 | AF70: =SUM(AA70:AE70) -> 4 | AG70: =+AF70-M70 -> -1 | AH70: =LEFT(X70,2)&"."&VLOOKUP(MID(X70,4,3),'Data validation'!$A$1:$B$12,2,FALSE)&".2025" -> 22.01.2025 | AI70: =WEEKNUM(AH70) -> 4 | AJ70: =H70&"."&VLOOKUP(I70,'Data validation'!$A$1:$B$12,2,FALSE)&".2026" -> 31.08.2026 | AK70: =WEEKNUM(AJ70) -> 36 | AL70: =VLOOKUP(E70,[2]Sheet1!$A:$B,2,FALSE) -> Анулирана
A71: =VLOOKUP(Q71,'Data validation'!$K$2:$L$50,2,FALSE) -> TO | B71: =AA71+IF(I71="Jun",IF(_xlfn.NUMBERVALUE(H71)>14,0,IF(_xlfn.NUMBERVALUE(K71)<14,M71,15-_xlfn.NUMBERVALUE(H71))),0) -> 0 | C71: =M71-B71-D71 -> 0 | D71: =IF(L71="Jul",IF(_xlfn.NUMBERVALUE(K71)<11,0,IF(I71="Jul",IF(_xlfn.NUMBERVALUE(H71)>11,M71,_xlfn.NUMBERVALUE(K71)-11),0)),0)+IF(L71="Aug",IF(_xlfn.NUMBERVALUE(K71)>24,IF(_xlfn.NUMBERVALUE(H71)>24,0,25-_xlfn.NUMBERVALUE(H71)),IF(I71="Aug",M71,_xlfn.NUMBERVALUE(K71)-1+32-_xlfn.NUMBERVALUE(H71))),0) -> 5 | E71: 9516 | F71: 99054 | G71: 26 Jul 2026 | H71: =LEFT(G71,2) -> 26 | I71: =MID(G71,4,3) -> Jul | J71: 31 Jul 2026 | K71: =LEFT(J71,2) -> 31 | L71: =MID(J71,4,3) -> Jul | M71: 5 | N71: =+K71-H71 -> 5 | O71: =IF(I71=L71,0,31-H71) -> 0 | P71: =IF(I71=L71,0,K71-1) -> 0 | Q71: ДЕСТИНЕЙШЪН ТУРИСТИК СЪРВИСИС - ЕООД | R71: ROOM-DELUXE | S71: 3 | T71: 0 | U71: =SUMIFS(DTS!L:L,DTS!D:D,'Резервации 2026'!E71) -> 2187.3025 | V71: =+U71/M71 -> 437.4605 | W71: Romania | X71: 15 Jan 2026 15:43 | Y71: 15 Jan 2026 | Z71: =MID(X71,4,3) -> Jan | AA71: =IF($I71=AA$1,IF($L71=AA$1,$M71,$O71),IF($L71=AA$1,$P71,0)) -> 0 | AB71: =IF($I71=AB$1,IF($L71=AB$1,$M71,$O71),IF($L71=AB$1,$P71,0)) -> 0 | AC71: =IF($I71=AC$1,IF($L71=AC$1,$M71,$O71),IF($L71=AC$1,$P71,0)) -> 5 | AD71: =IF($I71=AD$1,IF($L71=AD$1,$M71,$O71),IF($L71=AD$1,$P71,0)) -> 0 | AE71: =IF($I71=AE$1,IF($L71=AE$1,$M71,$O71),IF($L71=AE$1,$P71,0)) -> 0 | AF71: =SUM(AA71:AE71) -> 5 | AG71: =+AF71-M71 -> 0 | AH71: =LEFT(X71,2)&"."&VLOOKUP(MID(X71,4,3),'Data validation'!$A$1:$B$12,2,FALSE)&".2025" -> 15.01.2025 | AI71: =WEEKNUM(AH71) -> 3 | AJ71: =H71&"."&VLOOKUP(I71,'Data validation'!$A$1:$B$12,2,FALSE)&".2026" -> 26.07.2026 | AK71: =WEEKNUM(AJ71) -> 31 | AL71: =VLOOKUP(E71,[2]Sheet1!$A:$B,2,FALSE) -> #N/A
A72: =VLOOKUP(Q72,'Data validation'!$K$2:$L$50,2,FALSE) -> TO | B72: =AA72+IF(I72="Jun",IF(_xlfn.NUMBERVALUE(H72)>14,0,IF(_xlfn.NUMBERVALUE(K72)<14,M72,15-_xlfn.NUMBERVALUE(H72))),0) -> 0 | C72: =M72-B72-D72 -> 0 | D72: =IF(L72="Jul",IF(_xlfn.NUMBERVALUE(K72)<11,0,IF(I72="Jul",IF(_xlfn.NUMBERVALUE(H72)>11,M72,_xlfn.NUMBERVALUE(K72)-11),0)),0)+IF(L72="Aug",IF(_xlfn.NUMBERVALUE(K72)>24,IF(_xlfn.NUMBERVALUE(H72)>24,0,25-_xlfn.NUMBERVALUE(H72)),IF(I72="Aug",M72,_xlfn.NUMBERVALUE(K72)-1+32-_xlfn.NUMBERVALUE(H72))),0) -> 5 | E72: 9517 | F72: 99056 | G72: 26 Jul 2026 | H72: =LEFT(G72,2) -> 26 | I72: =MID(G72,4,3) -> Jul | J72: 31 Jul 2026 | K72: =LEFT(J72,2) -> 31 | L72: =MID(J72,4,3) -> Jul | M72: 5 | N72: =+K72-H72 -> 5 | O72: =IF(I72=L72,0,31-H72) -> 0 | P72: =IF(I72=L72,0,K72-1) -> 0 | Q72: ДЕСТИНЕЙШЪН ТУРИСТИК СЪРВИСИС - ЕООД | R72: ROOM-DELUXE | S72: 2 | T72: 2 | U72: =SUMIFS(DTS!L:L,DTS!D:D,'Резервации 2026'!E72) -> 2025.262 | V72: =+U72/M72 -> 405.05239 | W72: Romania | X72: 15 Jan 2026 15:43 | Y72: 15 Jan 2026 | Z72: =MID(X72,4,3) -> Jan | AA72: =IF($I72=AA$1,IF($L72=AA$1,$M72,$O72),IF($L72=AA$1,$P72,0)) -> 0 | AB72: =IF($I72=AB$1,IF($L72=AB$1,$M72,$O72),IF($L72=AB$1,$P72,0)) -> 0 | AC72: =IF($I72=AC$1,IF($L72=AC$1,$M72,$O72),IF($L72=AC$1,$P72,0)) -> 5 | AD72: =IF($I72=AD$1,IF($L72=AD$1,$M72,$O72),IF($L72=AD$1,$P72,0)) -> 0 | AE72: =IF($I72=AE$1,IF($L72=AE$1,$M72,$O72),IF($L72=AE$1,$P72,0)) -> 0 | AF72: =SUM(AA72:AE72) -> 5 | AG72: =+AF72-M72 -> 0 | AH72: =LEFT(X72,2)&"."&VLOOKUP(MID(X72,4,3),'Data validation'!$A$1:$B$12,2,FALSE)&".2025" -> 15.01.2025 | AI72: =WEEKNUM(AH72) -> 3 | AJ72: =H72&"."&VLOOKUP(I72,'Data validation'!$A$1:$B$12,2,FALSE)&".2026" -> 26.07.2026 | AK72: =WEEKNUM(AJ72) -> 31 | AL72: =VLOOKUP(E72,[2]Sheet1!$A:$B,2,FALSE) -> #N/A
A73: =VLOOKUP(Q73,'Data validation'!$K$2:$L$50,2,FALSE) -> TO | B73: =AA73+IF(I73="Jun",IF(_xlfn.NUMBERVALUE(H73)>14,0,IF(_xlfn.NUMBERVALUE(K73)<14,M73,15-_xlfn.NUMBERVALUE(H73))),0) -> 0 | C73: =M73-B73-D73 -> 0 | D73: =IF(L73="Jul",IF(_xlfn.NUMBERVALUE(K73)<11,0,IF(I73="Jul",IF(_xlfn.NUMBERVALUE(H73)>11,M73,_xlfn.NUMBERVALUE(K73)-11),0)),0)+IF(L73="Aug",IF(_xlfn.NUMBERVALUE(K73)>24,IF(_xlfn.NUMBERVALUE(H73)>24,0,25-_xlfn.NUMBERVALUE(H73)),IF(I73="Aug",M73,_xlfn.NUMBERVALUE(K73)-1+32-_xlfn.NUMBERVALUE(H73))),0) -> 5 | E73: 9518 | F73: 99053 | G73: 26 Jul 2026 | H73: =LEFT(G73,2) -> 26 | I73: =MID(G73,4,3) -> Jul | J73: 31 Jul 2026 | K73: =LEFT(J73,2) -> 31 | L73: =MID(J73,4,3) -> Jul | M73: 5 | N73: =+K73-H73 -> 5 | O73: =IF(I73=L73,0,31-H73) -> 0 | P73: =IF(I73=L73,0,K73-1) -> 0 | Q73: ДЕСТИНЕЙШЪН ТУРИСТИК СЪРВИСИС - ЕООД | R73: ROOM-DELUXE | S73: 2 | T73: 2 | U73: =SUMIFS(DTS!L:L,DTS!D:D,'Резервации 2026'!E73) -> 2025.262 | V73: =+U73/M73 -> 405.05239 | W73: Romania | X73: 15 Jan 2026 15:43 | Y73: 15 Jan 2026 | Z73: =MID(X73,4,3) -> Jan | AA73: =IF($I73=AA$1,IF($L73=AA$1,$M73,$O73),IF($L73=AA$1,$P73,0)) -> 0 | AB73: =IF($I73=AB$1,IF($L73=AB$1,$M73,$O73),IF($L73=AB$1,$P73,0)) -> 0 | AC73: =IF($I73=AC$1,IF($L73=AC$1,$M73,$O73),IF($L73=AC$1,$P73,0)) -> 5 | AD73: =IF($I73=AD$1,IF($L73=AD$1,$M73,$O73),IF($L73=AD$1,$P73,0)) -> 0 | AE73: =IF($I73=AE$1,IF($L73=AE$1,$M73,$O73),IF($L73=AE$1,$P73,0)) -> 0 | AF73: =SUM(AA73:AE73) -> 5 | AG73: =+AF73-M73 -> 0 | AH73: =LEFT(X73,2)&"."&VLOOKUP(MID(X73,4,3),'Data validation'!$A$1:$B$12,2,FALSE)&".2025" -> 15.01.2025 | AI73: =WEEKNUM(AH73) -> 3 | AJ73: =H73&"."&VLOOKUP(I73,'Data validation'!$A$1:$B$12,2,FALSE)&".2026" -> 26.07.2026 | AK73: =WEEKNUM(AJ73) -> 31 | AL73: =VLOOKUP(E73,[2]Sheet1!$A:$B,2,FALSE) -> #N/A
A74: =VLOOKUP(Q74,'Data validation'!$K$2:$L$50,2,FALSE) -> TO | B74: =AA74+IF(I74="Jun",IF(_xlfn.NUMBERVALUE(H74)>14,0,IF(_xlfn.NUMBERVALUE(K74)<14,M74,15-_xlfn.NUMBERVALUE(H74))),0) -> 0 | C74: =M74-B74-D74 -> 0 | D74: =IF(L74="Jul",IF(_xlfn.NUMBERVALUE(K74)<11,0,IF(I74="Jul",IF(_xlfn.NUMBERVALUE(H74)>11,M74,_xlfn.NUMBERVALUE(K74)-11),0)),0)+IF(L74="Aug",IF(_xlfn.NUMBERVALUE(K74)>24,IF(_xlfn.NUMBERVALUE(H74)>24,0,25-_xlfn.NUMBERVALUE(H74)),IF(I74="Aug",M74,_xlfn.NUMBERVALUE(K74)-1+32-_xlfn.NUMBERVALUE(H74))),0) -> 5 | E74: 9519 | F74: 99055 | G74: 26 Jul 2026 | H74: =LEFT(G74,2) -> 26 | I74: =MID(G74,4,3) -> Jul | J74: 31 Jul 2026 | K74: =LEFT(J74,2) -> 31 | L74: =MID(J74,4,3) -> Jul | M74: 5 | N74: =+K74-H74 -> 5 | O74: =IF(I74=L74,0,31-H74) -> 0 | P74: =IF(I74=L74,0,K74-1) -> 0 | Q74: ДЕСТИНЕЙШЪН ТУРИСТИК СЪРВИСИС - ЕООД | R74: ROOM-DELUXE | S74: 2 | T74: 0 | U74: =SUMIFS(DTS!L:L,DTS!D:D,'Резервации 2026'!E74) -> 1620.2096 | V74: =+U74/M74 -> 324.04191 | W74: Romania | X74: 15 Jan 2026 15:46 | Y74: 15 Jan 2026 | Z74: =MID(X74,4,3) -> Jan | AA74: =IF($I74=AA$1,IF($L74=AA$1,$M74,$O74),IF($L74=AA$1,$P74,0)) -> 0 | AB74: =IF($I74=AB$1,IF($L74=AB$1,$M74,$O74),IF($L74=AB$1,$P74,0)) -> 0 | AC74: =IF($I74=AC$1,IF($L74=AC$1,$M74,$O74),IF($L74=AC$1,$P74,0)) -> 5 | AD74: =IF($I74=AD$1,IF($L74=AD$1,$M74,$O74),IF($L74=AD$1,$P74,0)) -> 0 | AE74: =IF($I74=AE$1,IF($L74=AE$1,$M74,$O74),IF($L74=AE$1,$P74,0)) -> 0 | AF74: =SUM(AA74:AE74) -> 5 | AG74: =+AF74-M74 -> 0 | AH74: =LEFT(X74,2)&"."&VLOOKUP(MID(X74,4,3),'Data validation'!$A$1:$B$12,2,FALSE)&".2025" -> 15.01.2025 | AI74: =WEEKNUM(AH74) -> 3 | AJ74: =H74&"."&VLOOKUP(I74,'Data validation'!$A$1:$B$12,2,FALSE)&".2026" -> 26.07.2026 | AK74: =WEEKNUM(AJ74) -> 31 | AL74: =VLOOKUP(E74,[2]Sheet1!$A:$B,2,FALSE) -> #N/A
A75: =VLOOKUP(Q75,'Data validation'!$K$2:$L$50,2,FALSE) -> TO | B75: =AA75+IF(I75="Jun",IF(_xlfn.NUMBERVALUE(H75)>14,0,IF(_xlfn.NUMBERVALUE(K75)<14,M75,15-_xlfn.NUMBERVALUE(H75))),0) -> 0 | C75: =M75-B75-D75 -> 0 | D75: =IF(L75="Jul",IF(_xlfn.NUMBERVALUE(K75)<11,0,IF(I75="Jul",IF(_xlfn.NUMBERVALUE(H75)>11,M75,_xlfn.NUMBERVALUE(K75)-11),0)),0)+IF(L75="Aug",IF(_xlfn.NUMBERVALUE(K75)>24,IF(_xlfn.NUMBERVALUE(H75)>24,0,25-_xlfn.NUMBERVALUE(H75)),IF(I75="Aug",M75,_xlfn.NUMBERVALUE(K75)-1+32-_xlfn.NUMBERVALUE(H75))),0) -> 6 | E75: 8489 | F75: NT308642 | G75: 17 Jul 2026 | H75: =LEFT(G75,2) -> 17 | I75: =MID(G75,4,3) -> Jul | J75: 23 Jul 2026 | K75: =LEFT(J75,2) -> 23 | L75: =MID(J75,4,3) -> Jul | M75: 6 | N75: =+K75-H75 -> 6 | O75: =IF(I75=L75,0,31-H75) -> 0 | P75: =IF(I75=L75,0,K75-1) -> 0 | Q75: НОВОТОН - ЕООД | R75: ROOM | S75: 2 | T75: 1 | U75: =SUMIFS(Novoton!L:L,Novoton!D:D,'Резервации 2026'!E75) -> 1601.9421 | V75: =+U75/M75 -> 266.99035 | W75: Bulgaria | X75: 14 Nov 2025 14:48 | Y75: 14 Nov 2025 | Z75: =MID(X75,4,3) -> Nov | AA75: =IF($I75=AA$1,IF($L75=AA$1,$M75,$O75),IF($L75=AA$1,$P75,0)) -> 0 | AB75: =IF($I75=AB$1,IF($L75=AB$1,$M75,$O75),IF($L75=AB$1,$P75,0)) -> 0 | AC75: =IF($I75=AC$1,IF($L75=AC$1,$M75,$O75),IF($L75=AC$1,$P75,0)) -> 6 | AD75: =IF($I75=AD$1,IF($L75=AD$1,$M75,$O75),IF($L75=AD$1,$P75,0)) -> 0 | AE75: =IF($I75=AE$1,IF($L75=AE$1,$M75,$O75),IF($L75=AE$1,$P75,0)) -> 0 | AF75: =SUM(AA75:AE75) -> 6 | AG75: =+AF75-M75 -> 0 | AH75: =LEFT(X75,2)&"."&VLOOKUP(MID(X75,4,3),'Data validation'!$A$1:$B$12,2,FALSE)&".2025" -> 14.11.2025 | AI75: =WEEKNUM(AH75) -> 46 | AJ75: =H75&"."&VLOOKUP(I75,'Data validation'!$A$1:$B$12,2,FALSE)&".2026" -> 17.07.2026 | AK75: =WEEKNUM(AJ75) -> 29 | AL75: =VLOOKUP(E75,[2]Sheet1!$A:$B,2,FALSE) -> #N/A
A76: =VLOOKUP(Q76,'Data validation'!$K$2:$L$50,2,FALSE) -> TO | B76: =AA76+IF(I76="Jun",IF(_xlfn.NUMBERVALUE(H76)>14,0,IF(_xlfn.NUMBERVALUE(K76)<14,M76,15-_xlfn.NUMBERVALUE(H76))),0) -> 0 | C76: =M76-B76-D76 -> 0 | D76: =IF(L76="Jul",IF(_xlfn.NUMBERVALUE(K76)<11,0,IF(I76="Jul",IF(_xlfn.NUMBERVALUE(H76)>11,M76,_xlfn.NUMBERVALUE(K76)-11),0)),0)+IF(L76="Aug",IF(_xlfn.NUMBERVALUE(K76)>24,IF(_xlfn.NUMBERVALUE(H76)>24,0,25-_xlfn.NUMBERVALUE(H76)),IF(I76="Aug",M76,_xlfn.NUMBERVALUE(K76)-1+32-_xlfn.NUMBERVALUE(H76))),0) -> 5 | E76: 9520 | F76: 99055 | G76: 26 Jul 2026 | H76: =LEFT(G76,2) -> 26 | I76: =MID(G76,4,3) -> Jul | J76: 31 Jul 2026 | K76: =LEFT(J76,2) -> 31 | L76: =MID(J76,4,3) -> Jul | M76: 5 | N76: =+K76-H76 -> 5 | O76: =IF(I76=L76,0,31-H76) -> 0 | P76: =IF(I76=L76,0,K76-1) -> 0 | Q76: ДЕСТИНЕЙШЪН ТУРИСТИК СЪРВИСИС - ЕООД | R76: ROOM-DELUXE | S76: 3 | T76: 1 | U76: =SUMIFS(DTS!L:L,DTS!D:D,'Резервации 2026'!E76) -> 2187.3025 | V76: =+U76/M76 -> 437.4605 | W76: Romania | X76: 15 Jan 2026 15:48 | Y76: 15 Jan 2026 | Z76: =MID(X76,4,3) -> Jan | AA76: =IF($I76=AA$1,IF($L76=AA$1,$M76,$O76),IF($L76=AA$1,$P76,0)) -> 0 | AB76: =IF($I76=AB$1,IF($L76=AB$1,$M76,$O76),IF($L76=AB$1,$P76,0)) -> 0 | AC76: =IF($I76=AC$1,IF($L76=AC$1,$M76,$O76),IF($L76=AC$1,$P76,0)) -> 5 | AD76: =IF($I76=AD$1,IF($L76=AD$1,$M76,$O76),IF($L76=AD$1,$P76,0)) -> 0 | AE76: =IF($I76=AE$1,IF($L76=AE$1,$M76,$O76),IF($L76=AE$1,$P76,0)) -> 0 | AF76: =SUM(AA76:AE76) -> 5 | AG76: =+AF76-M76 -> 0 | AH76: =LEFT(X76,2)&"."&VLOOKUP(MID(X76,4,3),'Data validation'!$A$1:$B$12,2,FALSE)&".2025" -> 15.01.2025 | AI76: =WEEKNUM(AH76) -> 3 | AJ76: =H76&"."&VLOOKUP(I76,'Data validation'!$A$1:$B$12,2,FALSE)&".2026" -> 26.07.2026 | AK76: =WEEKNUM(AJ76) -> 31 | AL76: =VLOOKUP(E76,[2]Sheet1!$A:$B,2,FALSE) -> #N/A
A77: =VLOOKUP(Q77,'Data validation'!$K$2:$L$50,2,FALSE) -> TO | B77: =AA77+IF(I77="Jun",IF(_xlfn.NUMBERVALUE(H77)>14,0,IF(_xlfn.NUMBERVALUE(K77)<14,M77,15-_xlfn.NUMBERVALUE(H77))),0) -> 0 | C77: =M77-B77-D77 -> 0 | D77: =IF(L77="Jul",IF(_xlfn.NUMBERVALUE(K77)<11,0,IF(I77="Jul",IF(_xlfn.NUMBERVALUE(H77)>11,M77,_xlfn.NUMBERVALUE(K77)-11),0)),0)+IF(L77="Aug",IF(_xlfn.NUMBERVALUE(K77)>24,IF(_xlfn.NUMBERVALUE(H77)>24,0,25-_xlfn.NUMBERVALUE(H77)),IF(I77="Aug",M77,_xlfn.NUMBERVALUE(K77)-1+32-_xlfn.NUMBERVALUE(H77))),0) -> 5 | E77: 8676 | F77: NT309614 | G77: 19 Jul 2026 | H77: =LEFT(G77,2) -> 19 | I77: =MID(G77,4,3) -> Jul | J77: 24 Jul 2026 | K77: =LEFT(J77,2) -> 24 | L77: =MID(J77,4,3) -> Jul | M77: 5 | N77: =+K77-H77 -> 5 | O77: =IF(I77=L77,0,31-H77) -> 0 | P77: =IF(I77=L77,0,K77-1) -> 0 | Q77: НОВОТОН - ЕООД | R77: ROOM | S77: 2 | T77: 1 | U77: =SUMIFS(Novoton!L:L,Novoton!D:D,'Резервации 2026'!E77) -> 1334.9518 | V77: =+U77/M77 -> 266.99035 | W77: Bulgaria | X77: 21 Nov 2025 11:33 | Y77: 21 Nov 2025 | Z77: =MID(X77,4,3) -> Nov | AA77: =IF($I77=AA$1,IF($L77=AA$1,$M77,$O77),IF($L77=AA$1,$P77,0)) -> 0 | AB77: =IF($I77=AB$1,IF($L77=AB$1,$M77,$O77),IF($L77=AB$1,$P77,0)) -> 0 | AC77: =IF($I77=AC$1,IF($L77=AC$1,$M77,$O77),IF($L77=AC$1,$P77,0)) -> 5 | AD77: =IF($I77=AD$1,IF($L77=AD$1,$M77,$O77),IF($L77=AD$1,$P77,0)) -> 0 | AE77: =IF($I77=AE$1,IF($L77=AE$1,$M77,$O77),IF($L77=AE$1,$P77,0)) -> 0 | AF77: =SUM(AA77:AE77) -> 5 | AG77: =+AF77-M77 -> 0 | AH77: =LEFT(X77,2)&"."&VLOOKUP(MID(X77,4,3),'Data validation'!$A$1:$B$12,2,FALSE)&".2025" -> 21.11.2025 | AI77: =WEEKNUM(AH77) -> 47 | AJ77: =H77&"."&VLOOKUP(I77,'Data validation'!$A$1:$B$12,2,FALSE)&".2026" -> 19.07.2026 | AK77: =WEEKNUM(AJ77) -> 30 | AL77: =VLOOKUP(E77,[2]Sheet1!$A:$B,2,FALSE) -> #N/A
A78: =VLOOKUP(Q78,'Data validation'!$K$2:$L$50,2,FALSE) -> TO | B78: =AA78+IF(I78="Jun",IF(_xlfn.NUMBERVALUE(H78)>14,0,IF(_xlfn.NUMBERVALUE(K78)<14,M78,15-_xlfn.NUMBERVALUE(H78))),0) -> 0 | C78: =M78-B78-D78 -> 0 | D78: =IF(L78="Jul",IF(_xlfn.NUMBERVALUE(K78)<11,0,IF(I78="Jul",IF(_xlfn.NUMBERVALUE(H78)>11,M78,_xlfn.NUMBERVALUE(K78)-11),0)),0)+IF(L78="Aug",IF(_xlfn.NUMBERVALUE(K78)>24,IF(_xlfn.NUMBERVALUE(H78)>24,0,25-_xlfn.NUMBERVALUE(H78)),IF(I78="Aug",M78,_xlfn.NUMBERVALUE(K78)-1+32-_xlfn.NUMBERVALUE(H78))),0) -> 7 | E78: 8976 | F78: NT310991 | G78: 25 Jul 2026 | H78: =LEFT(G78,2) -> 25 | I78: =MID(G78,4,3) -> Jul | J78: 01 Aug 2026 | K78: =LEFT(J78,2) -> 01 | L78: =MID(J78,4,3) -> Aug | M78: 7 | N78: =+K78-H78 -> -24 | O78: =IF(I78=L78,0,31-H78) -> 6 | P78: =IF(I78=L78,0,K78-1) -> 0 | Q78: НОВОТОН - ЕООД | R78: APP1-POOL | S78: 2 | T78: 2 | U78: =SUMIFS(Novoton!L:L,Novoton!D:D,'Резервации 2026'!E78) -> 2592.0811 | V78: =+U78/M78 -> 370.29729 | W78: Bulgaria | X78: 01 Dec 2025 15:46 | Y78: 01 Dec 2025 | Z78: =MID(X78,4,3) -> Dec | AA78: =IF($I78=AA$1,IF($L78=AA$1,$M78,$O78),IF($L78=AA$1,$P78,0)) -> 0 | AB78: =IF($I78=AB$1,IF($L78=AB$1,$M78,$O78),IF($L78=AB$1,$P78,0)) -> 0 | AC78: =IF($I78=AC$1,IF($L78=AC$1,$M78,$O78),IF($L78=AC$1,$P78,0)) -> 6 | AD78: =IF($I78=AD$1,IF($L78=AD$1,$M78,$O78),IF($L78=AD$1,$P78,0)) -> 0 | AE78: =IF($I78=AE$1,IF($L78=AE$1,$M78,$O78),IF($L78=AE$1,$P78,0)) -> 0 | AF78: =SUM(AA78:AE78) -> 6 | AG78: =+AF78-M78 -> -1 | AH78: =LEFT(X78,2)&"."&VLOOKUP(MID(X78,4,3),'Data validation'!$A$1:$B$12,2,FALSE)&".2025" -> 01.12.2025 | AI78: =WEEKNUM(AH78) -> 49 | AJ78: =H78&"."&VLOOKUP(I78,'Data validation'!$A$1:$B$12,2,FALSE)&".2026" -> 25.07.2026 | AK78: =WEEKNUM(AJ78) -> 30 | AL78: =VLOOKUP(E78,[2]Sheet1!$A:$B,2,FALSE) -> #N/A
A79: =VLOOKUP(Q79,'Data validation'!$K$2:$L$50,2,FALSE) -> TO | B79: =AA79+IF(I79="Jun",IF(_xlfn.NUMBERVALUE(H79)>14,0,IF(_xlfn.NUMBERVALUE(K79)<14,M79,15-_xlfn.NUMBERVALUE(H79))),0) -> 0 | C79: =M79-B79-D79 -> 5 | D79: =IF(L79="Jul",IF(_xlfn.NUMBERVALUE(K79)<11,0,IF(I79="Jul",IF(_xlfn.NUMBERVALUE(H79)>11,M79,_xlfn.NUMBERVALUE(K79)-11),0)),0)+IF(L79="Aug",IF(_xlfn.NUMBERVALUE(K79)>24,IF(_xlfn.NUMBERVALUE(H79)>24,0,25-_xlfn.NUMBERVALUE(H79)),IF(I79="Aug",M79,_xlfn.NUMBERVALUE(K79)-1+32-_xlfn.NUMBERVALUE(H79))),0) -> 0 | E79: 9781 | F79: 1237232.231287 | G79: 20 Jun 2026 | H79: =LEFT(G79,2) -> 20 | I79: =MID(G79,4,3) -> Jun | J79: 25 Jun 2026 | K79: =LEFT(J79,2) -> 25 | L79: =MID(J79,4,3) -> Jun | M79: 5 | N79: =+K79-H79 -> 5 | O79: =IF(I79=L79,0,31-H79) -> 0 | P79: =IF(I79=L79,0,K79-1) -> 0 | Q79: СЛР-ХОЛИДЕЙ-СЪРВИС ЕООД | R79: APP1-DELUXE | S79: 3 | T79: 1 | U79: =SUMIFS(SLR!L:L,SLR!D:D,'Резервации 2026'!E79) -> 1967.076 | V79: =+U79/M79 -> 393.4152 | W79: Romania | X79: 27 Jan 2026 16:43 | Y79: 27 Jan 2026 | Z79: =MID(X79,4,3) -> Jan | AA79: =IF($I79=AA$1,IF($L79=AA$1,$M79,$O79),IF($L79=AA$1,$P79,0)) -> 0 | AB79: =IF($I79=AB$1,IF($L79=AB$1,$M79,$O79),IF($L79=AB$1,$P79,0)) -> 5 | AC79: =IF($I79=AC$1,IF($L79=AC$1,$M79,$O79),IF($L79=AC$1,$P79,0)) -> 0 | AD79: =IF($I79=AD$1,IF($L79=AD$1,$M79,$O79),IF($L79=AD$1,$P79,0)) -> 0 | AE79: =IF($I79=AE$1,IF($L79=AE$1,$M79,$O79),IF($L79=AE$1,$P79,0)) -> 0 | AF79: =SUM(AA79:AE79) -> 5 | AG79: =+AF79-M79 -> 0 | AH79: =LEFT(X79,2)&"."&VLOOKUP(MID(X79,4,3),'Data validation'!$A$1:$B$12,2,FALSE)&".2025" -> 27.01.2025 | AI79: =WEEKNUM(AH79) -> 5 | AJ79: =H79&"."&VLOOKUP(I79,'Data validation'!$A$1:$B$12,2,FALSE)&".2026" -> 20.06.2026 | AK79: =WEEKNUM(AJ79) -> 25 | AL79: =VLOOKUP(E79,[2]Sheet1!$A:$B,2,FALSE) -> #N/A
A80: =VLOOKUP(Q80,'Data validation'!$K$2:$L$50,2,FALSE) -> TO | B80: =AA80+IF(I80="Jun",IF(_xlfn.NUMBERVALUE(H80)>14,0,IF(_xlfn.NUMBERVALUE(K80)<14,M80,15-_xlfn.NUMBERVALUE(H80))),0) -> 0 | C80: =M80-B80-D80 -> 5 | D80: =IF(L80="Jul",IF(_xlfn.NUMBERVALUE(K80)<11,0,IF(I80="Jul",IF(_xlfn.NUMBERVALUE(H80)>11,M80,_xlfn.NUMBERVALUE(K80)-11),0)),0)+IF(L80="Aug",IF(_xlfn.NUMBERVALUE(K80)>24,IF(_xlfn.NUMBERVALUE(H80)>24,0,25-_xlfn.NUMBERVALUE(H80)),IF(I80="Aug",M80,_xlfn.NUMBERVALUE(K80)-1+32-_xlfn.NUMBERVALUE(H80))),0) -> 0 | E80: 10099 | F80: 5833 | G80: 25 Jun 2026 | H80: =LEFT(G80,2) -> 25 | I80: =MID(G80,4,3) -> Jun | J80: 30 Jun 2026 | K80: =LEFT(J80,2) -> 30 | L80: =MID(J80,4,3) -> Jun | M80: 5 | N80: =+K80-H80 -> 5 | O80: =IF(I80=L80,0,31-H80) -> 0 | P80: =IF(I80=L80,0,K80-1) -> 0 | Q80: ТЕДИ - КАМ - ЕООД | R80: ROOM | S80: 2 | T80: 2 | U80: =SUMIFS(TediKam!L:L,TediKam!D:D,'Резервации 2026'!E80) -> 1883.9532 | V80: =+U80/M80 -> 376.79065 | W80: Romania | X80: 16 Feb 2026 08:58 | Y80: 15 Feb 2026 | Z80: =MID(X80,4,3) -> Feb | AA80: =IF($I80=AA$1,IF($L80=AA$1,$M80,$O80),IF($L80=AA$1,$P80,0)) -> 0 | AB80: =IF($I80=AB$1,IF($L80=AB$1,$M80,$O80),IF($L80=AB$1,$P80,0)) -> 5 | AC80: =IF($I80=AC$1,IF($L80=AC$1,$M80,$O80),IF($L80=AC$1,$P80,0)) -> 0 | AD80: =IF($I80=AD$1,IF($L80=AD$1,$M80,$O80),IF($L80=AD$1,$P80,0)) -> 0 | AE80: =IF($I80=AE$1,IF($L80=AE$1,$M80,$O80),IF($L80=AE$1,$P80,0)) -> 0 | AF80: =SUM(AA80:AE80) -> 5 | AG80: =+AF80-M80 -> 0 | AH80: =LEFT(X80,2)&"."&VLOOKUP(MID(X80,4,3),'Data validation'!$A$1:$B$12,2,FALSE)&".2025" -> 16.02.2025 | AI80: =WEEKNUM(AH80) -> 8 | AJ80: =H80&"."&VLOOKUP(I80,'Data validation'!$A$1:$B$12,2,FALSE)&".2026" -> 25.06.2026 | AK80: =WEEKNUM(AJ80) -> 26 | AL80: =VLOOKUP(E80,[2]Sheet1!$A:$B,2,FALSE) -> #N/A
A81: =VLOOKUP(Q81,'Data validation'!$K$2:$L$50,2,FALSE) -> TO | B81: =AA81+IF(I81="Jun",IF(_xlfn.NUMBERVALUE(H81)>14,0,IF(_xlfn.NUMBERVALUE(K81)<14,M81,15-_xlfn.NUMBERVALUE(H81))),0) -> 0 | C81: =M81-B81-D81 -> 0 | D81: =IF(L81="Jul",IF(_xlfn.NUMBERVALUE(K81)<11,0,IF(I81="Jul",IF(_xlfn.NUMBERVALUE(H81)>11,M81,_xlfn.NUMBERVALUE(K81)-11),0)),0)+IF(L81="Aug",IF(_xlfn.NUMBERVALUE(K81)>24,IF(_xlfn.NUMBERVALUE(H81)>24,0,25-_xlfn.NUMBERVALUE(H81)),IF(I81="Aug",M81,_xlfn.NUMBERVALUE(K81)-1+32-_xlfn.NUMBERVALUE(H81))),0) -> 5 | E81: 9521 | F81: 18437 | G81: 02 Aug 2026 | H81: =LEFT(G81,2) -> 02 | I81: =MID(G81,4,3) -> Aug | J81: 07 Aug 2026 | K81: =LEFT(J81,2) -> 07 | L81: =MID(J81,4,3) -> Aug | M81: 5 | N81: =+K81-H81 -> 5 | O81: =IF(I81=L81,0,31-H81) -> 0 | P81: =IF(I81=L81,0,K81-1) -> 0 | Q81: КЛУБ МАГЕЛАН - ООД | R81: APP1-POOL | S81: 3 | T81: 1 | U81: =SUMIFS(Magelan!L:L,Magelan!D:D,'Резервации 2026'!E81) -> 2153.4666 | V81: =+U81/M81 -> 430.69332 | W81: Romania | X81: 15 Jan 2026 17:43 | Y81: 15 Jan 2026 | Z81: =MID(X81,4,3) -> Jan | AA81: =IF($I81=AA$1,IF($L81=AA$1,$M81,$O81),IF($L81=AA$1,$P81,0)) -> 0 | AB81: =IF($I81=AB$1,IF($L81=AB$1,$M81,$O81),IF($L81=AB$1,$P81,0)) -> 0 | AC81: =IF($I81=AC$1,IF($L81=AC$1,$M81,$O81),IF($L81=AC$1,$P81,0)) -> 0 | AD81: =IF($I81=AD$1,IF($L81=AD$1,$M81,$O81),IF($L81=AD$1,$P81,0)) -> 5 | AE81: =IF($I81=AE$1,IF($L81=AE$1,$M81,$O81),IF($L81=AE$1,$P81,0)) -> 0 | AF81: =SUM(AA81:AE81) -> 5 | AG81: =+AF81-M81 -> 0 | AH81: =LEFT(X81,2)&"."&VLOOKUP(MID(X81,4,3),'Data validation'!$A$1:$B$12,2,FALSE)&".2025" -> 15.01.2025 | AI81: =WEEKNUM(AH81) -> 3 | AJ81: =H81&"."&VLOOKUP(I81,'Data validation'!$A$1:$B$12,2,FALSE)&".2026" -> 02.08.2026 | AK81: =WEEKNUM(AJ81) -> 32 | AL81: =VLOOKUP(E81,[2]Sheet1!$A:$B,2,FALSE) -> #N/A
A82: =VLOOKUP(Q82,'Data validation'!$K$2:$L$50,2,FALSE) -> TO | B82: =AA82+IF(I82="Jun",IF(_xlfn.NUMBERVALUE(H82)>14,0,IF(_xlfn.NUMBERVALUE(K82)<14,M82,15-_xlfn.NUMBERVALUE(H82))),0) -> 0 | C82: =M82-B82-D82 -> 0 | D82: =IF(L82="Jul",IF(_xlfn.NUMBERVALUE(K82)<11,0,IF(I82="Jul",IF(_xlfn.NUMBERVALUE(H82)>11,M82,_xlfn.NUMBERVALUE(K82)-11),0)),0)+IF(L82="Aug",IF(_xlfn.NUMBERVALUE(K82)>24,IF(_xlfn.NUMBERVALUE(H82)>24,0,25-_xlfn.NUMBERVALUE(H82)),IF(I82="Aug",M82,_xlfn.NUMBERVALUE(K82)-1+32-_xlfn.NUMBERVALUE(H82))),0) -> 5 | E82: 9522 | F82: 18438 | G82: 02 Aug 2026 | H82: =LEFT(G82,2) -> 02 | I82: =MID(G82,4,3) -> Aug | J82: 07 Aug 2026 | K82: =LEFT(J82,2) -> 07 | L82: =MID(J82,4,3) -> Aug | M82: 5 | N82: =+K82-H82 -> 5 | O82: =IF(I82=L82,0,31-H82) -> 0 | P82: =IF(I82=L82,0,K82-1) -> 0 | Q82: КЛУБ МАГЕЛАН - ООД | R82: APP1-POOL | S82: 3 | T82: 1 | U82: =SUMIFS(Magelan!L:L,Magelan!D:D,'Резервации 2026'!E82) -> 2153.4666 | V82: =+U82/M82 -> 430.69332 | W82: Romania | X82: 15 Jan 2026 17:43 | Y82: 15 Jan 2026 | Z82: =MID(X82,4,3) -> Jan | AA82: =IF($I82=AA$1,IF($L82=AA$1,$M82,$O82),IF($L82=AA$1,$P82,0)) -> 0 | AB82: =IF($I82=AB$1,IF($L82=AB$1,$M82,$O82),IF($L82=AB$1,$P82,0)) -> 0 | AC82: =IF($I82=AC$1,IF($L82=AC$1,$M82,$O82),IF($L82=AC$1,$P82,0)) -> 0 | AD82: =IF($I82=AD$1,IF($L82=AD$1,$M82,$O82),IF($L82=AD$1,$P82,0)) -> 5 | AE82: =IF($I82=AE$1,IF($L82=AE$1,$M82,$O82),IF($L82=AE$1,$P82,0)) -> 0 | AF82: =SUM(AA82:AE82) -> 5 | AG82: =+AF82-M82 -> 0 | AH82: =LEFT(X82,2)&"."&VLOOKUP(MID(X82,4,3),'Data validation'!$A$1:$B$12,2,FALSE)&".2025" -> 15.01.2025 | AI82: =WEEKNUM(AH82) -> 3 | AJ82: =H82&"."&VLOOKUP(I82,'Data validation'!$A$1:$B$12,2,FALSE)&".2026" -> 02.08.2026 | AK82: =WEEKNUM(AJ82) -> 32 | AL82: =VLOOKUP(E82,[2]Sheet1!$A:$B,2,FALSE) -> #N/A
A83: =VLOOKUP(Q83,'Data validation'!$K$2:$L$50,2,FALSE) -> TO | B83: =AA83+IF(I83="Jun",IF(_xlfn.NUMBERVALUE(H83)>14,0,IF(_xlfn.NUMBERVALUE(K83)<14,M83,15-_xlfn.NUMBERVALUE(H83))),0) -> 0 | C83: =M83-B83-D83 -> 0 | D83: =IF(L83="Jul",IF(_xlfn.NUMBERVALUE(K83)<11,0,IF(I83="Jul",IF(_xlfn.NUMBERVALUE(H83)>11,M83,_xlfn.NUMBERVALUE(K83)-11),0)),0)+IF(L83="Aug",IF(_xlfn.NUMBERVALUE(K83)>24,IF(_xlfn.NUMBERVALUE(H83)>24,0,25-_xlfn.NUMBERVALUE(H83)),IF(I83="Aug",M83,_xlfn.NUMBERVALUE(K83)-1+32-_xlfn.NUMBERVALUE(H83))),0) -> 6 | E83: 9784 | F83: 1237309.231300 | G83: 15 Aug 2026 | H83: =LEFT(G83,2) -> 15 | I83: =MID(G83,4,3) -> Aug | J83: 21 Aug 2026 | K83: =LEFT(J83,2) -> 21 | L83: =MID(J83,4,3) -> Aug | M83: 6 | N83: =+K83-H83 -> 6 | O83: =IF(I83=L83,0,31-H83) -> 0 | P83: =IF(I83=L83,0,K83-1) -> 0 | Q83: СЛР-ХОЛИДЕЙ-СЪРВИС ЕООД | R83: APP1-POOL | S83: 3 | T83: 1 | U83: =SUMIFS(SLR!L:L,SLR!D:D,'Резервации 2026'!E83) -> 2584.1599 | V83: =+U83/M83 -> 430.69332 | W83: Romania | X83: 27 Jan 2026 19:04 | Y83: 27 Jan 2026 | Z83: =MID(X83,4,3) -> Jan | AA83: =IF($I83=AA$1,IF($L83=AA$1,$M83,$O83),IF($L83=AA$1,$P83,0)) -> 0 | AB83: =IF($I83=AB$1,IF($L83=AB$1,$M83,$O83),IF($L83=AB$1,$P83,0)) -> 0 | AC83: =IF($I83=AC$1,IF($L83=AC$1,$M83,$O83),IF($L83=AC$1,$P83,0)) -> 0 | AD83: =IF($I83=AD$1,IF($L83=AD$1,$M83,$O83),IF($L83=AD$1,$P83,0)) -> 6 | AE83: =IF($I83=AE$1,IF($L83=AE$1,$M83,$O83),IF($L83=AE$1,$P83,0)) -> 0 | AF83: =SUM(AA83:AE83) -> 6 | AG83: =+AF83-M83 -> 0 | AH83: =LEFT(X83,2)&"."&VLOOKUP(MID(X83,4,3),'Data validation'!$A$1:$B$12,2,FALSE)&".2025" -> 27.01.2025 | AI83: =WEEKNUM(AH83) -> 5 | AJ83: =H83&"."&VLOOKUP(I83,'Data validation'!$A$1:$B$12,2,FALSE)&".2026" -> 15.08.2026 | AK83: =WEEKNUM(AJ83) -> 33 | AL83: =VLOOKUP(E83,[2]Sheet1!$A:$B,2,FALSE) -> #N/A
A84: =VLOOKUP(Q84,'Data validation'!$K$2:$L$50,2,FALSE) -> TO | B84: =AA84+IF(I84="Jun",IF(_xlfn.NUMBERVALUE(H84)>14,0,IF(_xlfn.NUMBERVALUE(K84)<14,M84,15-_xlfn.NUMBERVALUE(H84))),0) -> 0 | C84: =M84-B84-D84 -> 0 | D84: =IF(L84="Jul",IF(_xlfn.NUMBERVALUE(K84)<11,0,IF(I84="Jul",IF(_xlfn.NUMBERVALUE(H84)>11,M84,_xlfn.NUMBERVALUE(K84)-11),0)),0)+IF(L84="Aug",IF(_xlfn.NUMBERVALUE(K84)>24,IF(_xlfn.NUMBERVALUE(H84)>24,0,25-_xlfn.NUMBERVALUE(H84)),IF(I84="Aug",M84,_xlfn.NUMBERVALUE(K84)-1+32-_xlfn.NUMBERVALUE(H84))),0) -> 6 | E84: 9783 | F84: 1237309.231299 | G84: 15 Aug 2026 | H84: =LEFT(G84,2) -> 15 | I84: =MID(G84,4,3) -> Aug | J84: 21 Aug 2026 | K84: =LEFT(J84,2) -> 21 | L84: =MID(J84,4,3) -> Aug | M84: 6 | N84: =+K84-H84 -> 6 | O84: =IF(I84=L84,0,31-H84) -> 0 | P84: =IF(I84=L84,0,K84-1) -> 0 | Q84: СЛР-ХОЛИДЕЙ-СЪРВИС ЕООД | R84: APP1-POOL | S84: 3 | T84: 1 | U84: =SUMIFS(SLR!L:L,SLR!D:D,'Резервации 2026'!E84) -> 2584.1599 | V84: =+U84/M84 -> 430.69332 | W84: Romania | X84: 27 Jan 2026 19:04 | Y84: 27 Jan 2026 | Z84: =MID(X84,4,3) -> Jan | AA84: =IF($I84=AA$1,IF($L84=AA$1,$M84,$O84),IF($L84=AA$1,$P84,0)) -> 0 | AB84: =IF($I84=AB$1,IF($L84=AB$1,$M84,$O84),IF($L84=AB$1,$P84,0)) -> 0 | AC84: =IF($I84=AC$1,IF($L84=AC$1,$M84,$O84),IF($L84=AC$1,$P84,0)) -> 0 | AD84: =IF($I84=AD$1,IF($L84=AD$1,$M84,$O84),IF($L84=AD$1,$P84,0)) -> 6 | AE84: =IF($I84=AE$1,IF($L84=AE$1,$M84,$O84),IF($L84=AE$1,$P84,0)) -> 0 | AF84: =SUM(AA84:AE84) -> 6 | AG84: =+AF84-M84 -> 0 | AH84: =LEFT(X84,2)&"."&VLOOKUP(MID(X84,4,3),'Data validation'!$A$1:$B$12,2,FALSE)&".2025" -> 27.01.2025 | AI84: =WEEKNUM(AH84) -> 5 | AJ84: =H84&"."&VLOOKUP(I84,'Data validation'!$A$1:$B$12,2,FALSE)&".2026" -> 15.08.2026 | AK84: =WEEKNUM(AJ84) -> 33 | AL84: =VLOOKUP(E84,[2]Sheet1!$A:$B,2,FALSE) -> #N/A
A85: =VLOOKUP(Q85,'Data validation'!$K$2:$L$50,2,FALSE) -> TO | B85: =AA85+IF(I85="Jun",IF(_xlfn.NUMBERVALUE(H85)>14,0,IF(_xlfn.NUMBERVALUE(K85)<14,M85,15-_xlfn.NUMBERVALUE(H85))),0) -> 0 | C85: =M85-B85-D85 -> 0 | D85: =IF(L85="Jul",IF(_xlfn.NUMBERVALUE(K85)<11,0,IF(I85="Jul",IF(_xlfn.NUMBERVALUE(H85)>11,M85,_xlfn.NUMBERVALUE(K85)-11),0)),0)+IF(L85="Aug",IF(_xlfn.NUMBERVALUE(K85)>24,IF(_xlfn.NUMBERVALUE(H85)>24,0,25-_xlfn.NUMBERVALUE(H85)),IF(I85="Aug",M85,_xlfn.NUMBERVALUE(K85)-1+32-_xlfn.NUMBERVALUE(H85))),0) -> 6 | E85: 9785 | F85: 1237329.231304 | G85: 05 Aug 2026 | H85: =LEFT(G85,2) -> 05 | I85: =MID(G85,4,3) -> Aug | J85: 11 Aug 2026 | K85: =LEFT(J85,2) -> 11 | L85: =MID(J85,4,3) -> Aug | M85: 6 | N85: =+K85-H85 -> 6 | O85: =IF(I85=L85,0,31-H85) -> 0 | P85: =IF(I85=L85,0,K85-1) -> 0 | Q85: СЛР-ХОЛИДЕЙ-СЪРВИС ЕООД | R85: APP1-POOL | S85: 3 | T85: 1 | U85: =SUMIFS(SLR!L:L,SLR!D:D,'Резервации 2026'!E85) -> 2584.1599 | V85: =+U85/M85 -> 430.69332 | W85: Romania | X85: 27 Jan 2026 19:45 | Y85: 27 Jan 2026 | Z85: =MID(X85,4,3) -> Jan | AA85: =IF($I85=AA$1,IF($L85=AA$1,$M85,$O85),IF($L85=AA$1,$P85,0)) -> 0 | AB85: =IF($I85=AB$1,IF($L85=AB$1,$M85,$O85),IF($L85=AB$1,$P85,0)) -> 0 | AC85: =IF($I85=AC$1,IF($L85=AC$1,$M85,$O85),IF($L85=AC$1,$P85,0)) -> 0 | AD85: =IF($I85=AD$1,IF($L85=AD$1,$M85,$O85),IF($L85=AD$1,$P85,0)) -> 6 | AE85: =IF($I85=AE$1,IF($L85=AE$1,$M85,$O85),IF($L85=AE$1,$P85,0)) -> 0 | AF85: =SUM(AA85:AE85) -> 6 | AG85: =+AF85-M85 -> 0 | AH85: =LEFT(X85,2)&"."&VLOOKUP(MID(X85,4,3),'Data validation'!$A$1:$B$12,2,FALSE)&".2025" -> 27.01.2025 | AI85: =WEEKNUM(AH85) -> 5 | AJ85: =H85&"."&VLOOKUP(I85,'Data validation'!$A$1:$B$12,2,FALSE)&".2026" -> 05.08.2026 | AK85: =WEEKNUM(AJ85) -> 32 | AL85: =VLOOKUP(E85,[2]Sheet1!$A:$B,2,FALSE) -> #N/A
A86: =VLOOKUP(Q86,'Data validation'!$K$2:$L$50,2,FALSE) -> TO | B86: =AA86+IF(I86="Jun",IF(_xlfn.NUMBERVALUE(H86)>14,0,IF(_xlfn.NUMBERVALUE(K86)<14,M86,15-_xlfn.NUMBERVALUE(H86))),0) -> 0 | C86: =M86-B86-D86 -> 0 | D86: =IF(L86="Jul",IF(_xlfn.NUMBERVALUE(K86)<11,0,IF(I86="Jul",IF(_xlfn.NUMBERVALUE(H86)>11,M86,_xlfn.NUMBERVALUE(K86)-11),0)),0)+IF(L86="Aug",IF(_xlfn.NUMBERVALUE(K86)>24,IF(_xlfn.NUMBERVALUE(H86)>24,0,25-_xlfn.NUMBERVALUE(H86)),IF(I86="Aug",M86,_xlfn.NUMBERVALUE(K86)-1+32-_xlfn.NUMBERVALUE(H86))),0) -> 5 | E86: 9523 | F86: 18439 | G86: 02 Aug 2026 | H86: =LEFT(G86,2) -> 02 | I86: =MID(G86,4,3) -> Aug | J86: 07 Aug 2026 | K86: =LEFT(J86,2) -> 07 | L86: =MID(J86,4,3) -> Aug | M86: 5 | N86: =+K86-H86 -> 5 | O86: =IF(I86=L86,0,31-H86) -> 0 | P86: =IF(I86=L86,0,K86-1) -> 0 | Q86: КЛУБ МАГЕЛАН - ООД | R86: ROOM-DELUXE | S86: 2 | T86: 0 | U86: =SUMIFS(Magelan!L:L,Magelan!D:D,'Резервации 2026'!E86) -> 1620.2096 | V86: =+U86/M86 -> 324.04191 | W86: Romania | X86: 15 Jan 2026 17:43 | Y86: 15 Jan 2026 | Z86: =MID(X86,4,3) -> Jan | AA86: =IF($I86=AA$1,IF($L86=AA$1,$M86,$O86),IF($L86=AA$1,$P86,0)) -> 0 | AB86: =IF($I86=AB$1,IF($L86=AB$1,$M86,$O86),IF($L86=AB$1,$P86,0)) -> 0 | AC86: =IF($I86=AC$1,IF($L86=AC$1,$M86,$O86),IF($L86=AC$1,$P86,0)) -> 0 | AD86: =IF($I86=AD$1,IF($L86=AD$1,$M86,$O86),IF($L86=AD$1,$P86,0)) -> 5 | AE86: =IF($I86=AE$1,IF($L86=AE$1,$M86,$O86),IF($L86=AE$1,$P86,0)) -> 0 | AF86: =SUM(AA86:AE86) -> 5 | AG86: =+AF86-M86 -> 0 | AH86: =LEFT(X86,2)&"."&VLOOKUP(MID(X86,4,3),'Data validation'!$A$1:$B$12,2,FALSE)&".2025" -> 15.01.2025 | AI86: =WEEKNUM(AH86) -> 3 | AJ86: =H86&"."&VLOOKUP(I86,'Data validation'!$A$1:$B$12,2,FALSE)&".2026" -> 02.08.2026 | AK86: =WEEKNUM(AJ86) -> 32 | AL86: =VLOOKUP(E86,[2]Sheet1!$A:$B,2,FALSE) -> #N/A
A87: =VLOOKUP(Q87,'Data validation'!$K$2:$L$50,2,FALSE) -> BOOKING | B87: =AA87+IF(I87="Jun",IF(_xlfn.NUMBERVALUE(H87)>14,0,IF(_xlfn.NUMBERVALUE(K87)<14,M87,15-_xlfn.NUMBERVALUE(H87))),0) -> 0 | C87: =M87-B87-D87 -> 0 | D87: =IF(L87="Jul",IF(_xlfn.NUMBERVALUE(K87)<11,0,IF(I87="Jul",IF(_xlfn.NUMBERVALUE(H87)>11,M87,_xlfn.NUMBERVALUE(K87)-11),0)),0)+IF(L87="Aug",IF(_xlfn.NUMBERVALUE(K87)>24,IF(_xlfn.NUMBERVALUE(H87)>24,0,25-_xlfn.NUMBERVALUE(H87)),IF(I87="Aug",M87,_xlfn.NUMBERVALUE(K87)-1+32-_xlfn.NUMBERVALUE(H87))),0) -> 5 | E87: 9786 | F87: 5496113069 | G87: 02 Aug 2026 | H87: =LEFT(G87,2) -> 02 | I87: =MID(G87,4,3) -> Aug | J87: 07 Aug 2026 | K87: =LEFT(J87,2) -> 07 | L87: =MID(J87,4,3) -> Aug | M87: 5 | N87: =+K87-H87 -> 5 | O87: =IF(I87=L87,0,31-H87) -> 0 | P87: =IF(I87=L87,0,K87-1) -> 0 | Q87: BOOKING | R87: APP1-SEA | S87: 2 | T87: 2 | U87: 3734.469 | V87: 746.8938 | W87: Israel | X87: 27 Jan 2026 22:14 | Y87: 27 Jan 2026 | Z87: =MID(X87,4,3) -> Jan | AA87: =IF($I87=AA$1,IF($L87=AA$1,$M87,$O87),IF($L87=AA$1,$P87,0)) -> 0 | AB87: =IF($I87=AB$1,IF($L87=AB$1,$M87,$O87),IF($L87=AB$1,$P87,0)) -> 0 | AC87: =IF($I87=AC$1,IF($L87=AC$1,$M87,$O87),IF($L87=AC$1,$P87,0)) -> 0 | AD87: =IF($I87=AD$1,IF($L87=AD$1,$M87,$O87),IF($L87=AD$1,$P87,0)) -> 5 | AE87: =IF($I87=AE$1,IF($L87=AE$1,$M87,$O87),IF($L87=AE$1,$P87,0)) -> 0 | AF87: =SUM(AA87:AE87) -> 5 | AG87: =+AF87-M87 -> 0 | AH87: =LEFT(X87,2)&"."&VLOOKUP(MID(X87,4,3),'Data validation'!$A$1:$B$12,2,FALSE)&".2025" -> 27.01.2025 | AI87: =WEEKNUM(AH87) -> 5 | AJ87: =H87&"."&VLOOKUP(I87,'Data validation'!$A$1:$B$12,2,FALSE)&".2026" -> 02.08.2026 | AK87: =WEEKNUM(AJ87) -> 32 | AL87: =VLOOKUP(E87,[2]Sheet1!$A:$B,2,FALSE) -> Анулирана
A88: =VLOOKUP(Q88,'Data validation'!$K$2:$L$50,2,FALSE) -> TO | B88: =AA88+IF(I88="Jun",IF(_xlfn.NUMBERVALUE(H88)>14,0,IF(_xlfn.NUMBERVALUE(K88)<14,M88,15-_xlfn.NUMBERVALUE(H88))),0) -> 0 | C88: =M88-B88-D88 -> 0 | D88: =IF(L88="Jul",IF(_xlfn.NUMBERVALUE(K88)<11,0,IF(I88="Jul",IF(_xlfn.NUMBERVALUE(H88)>11,M88,_xlfn.NUMBERVALUE(K88)-11),0)),0)+IF(L88="Aug",IF(_xlfn.NUMBERVALUE(K88)>24,IF(_xlfn.NUMBERVALUE(H88)>24,0,25-_xlfn.NUMBERVALUE(H88)),IF(I88="Aug",M88,_xlfn.NUMBERVALUE(K88)-1+32-_xlfn.NUMBERVALUE(H88))),0) -> 7 | E88: 9977 | F88: 1240259.233066 | G88: 20 Jul 2026 | H88: =LEFT(G88,2) -> 20 | I88: =MID(G88,4,3) -> Jul | J88: 27 Jul 2026 | K88: =LEFT(J88,2) -> 27 | L88: =MID(J88,4,3) -> Jul | M88: 7 | N88: =+K88-H88 -> 7 | O88: =IF(I88=L88,0,31-H88) -> 0 | P88: =IF(I88=L88,0,K88-1) -> 0 | Q88: СЛР-ХОЛИДЕЙ-СЪРВИС ЕООД | R88: ROOM-SEA | S88: 1 | T88: 1 | U88: =SUMIFS(SLR!L:L,SLR!D:D,'Резервации 2026'!E88) -> 1674.9337 | V88: =+U88/M88 -> 239.27624 | W88: Romania | X88: 03 Feb 2026 09:36 | Y88: 02 Feb 2026 | Z88: =MID(X88,4,3) -> Feb | AA88: =IF($I88=AA$1,IF($L88=AA$1,$M88,$O88),IF($L88=AA$1,$P88,0)) -> 0 | AB88: =IF($I88=AB$1,IF($L88=AB$1,$M88,$O88),IF($L88=AB$1,$P88,0)) -> 0 | AC88: =IF($I88=AC$1,IF($L88=AC$1,$M88,$O88),IF($L88=AC$1,$P88,0)) -> 7 | AD88: =IF($I88=AD$1,IF($L88=AD$1,$M88,$O88),IF($L88=AD$1,$P88,0)) -> 0 | AE88: =IF($I88=AE$1,IF($L88=AE$1,$M88,$O88),IF($L88=AE$1,$P88,0)) -> 0 | AF88: =SUM(AA88:AE88) -> 7 | AG88: =+AF88-M88 -> 0 | AH88: =LEFT(X88,2)&"."&VLOOKUP(MID(X88,4,3),'Data validation'!$A$1:$B$12,2,FALSE)&".2025" -> 03.02.2025 | AI88: =WEEKNUM(AH88) -> 6 | AJ88: =H88&"."&VLOOKUP(I88,'Data validation'!$A$1:$B$12,2,FALSE)&".2026" -> 20.07.2026 | AK88: =WEEKNUM(AJ88) -> 30 | AL88: =VLOOKUP(E88,[2]Sheet1!$A:$B,2,FALSE) -> #N/A
A89: =VLOOKUP(Q89,'Data validation'!$K$2:$L$50,2,FALSE) -> TO | B89: =AA89+IF(I89="Jun",IF(_xlfn.NUMBERVALUE(H89)>14,0,IF(_xlfn.NUMBERVALUE(K89)<14,M89,15-_xlfn.NUMBERVALUE(H89))),0) -> 0 | C89: =M89-B89-D89 -> 0 | D89: =IF(L89="Jul",IF(_xlfn.NUMBERVALUE(K89)<11,0,IF(I89="Jul",IF(_xlfn.NUMBERVALUE(H89)>11,M89,_xlfn.NUMBERVALUE(K89)-11),0)),0)+IF(L89="Aug",IF(_xlfn.NUMBERVALUE(K89)>24,IF(_xlfn.NUMBERVALUE(H89)>24,0,25-_xlfn.NUMBERVALUE(H89)),IF(I89="Aug",M89,_xlfn.NUMBERVALUE(K89)-1+32-_xlfn.NUMBERVALUE(H89))),0) -> 7 | E89: 9978 | F89: 1240259.233067 | G89: 20 Jul 2026 | H89: =LEFT(G89,2) -> 20 | I89: =MID(G89,4,3) -> Jul | J89: 27 Jul 2026 | K89: =LEFT(J89,2) -> 27 | L89: =MID(J89,4,3) -> Jul | M89: 7 | N89: =+K89-H89 -> 7 | O89: =IF(I89=L89,0,31-H89) -> 0 | P89: =IF(I89=L89,0,K89-1) -> 0 | Q89: СЛР-ХОЛИДЕЙ-СЪРВИС ЕООД | R89: ROOM-SEA | S89: 2 | T89: 1 | U89: =SUMIFS(SLR!L:L,SLR!D:D,'Резервации 2026'!E89) -> 2392.8798 | V89: =+U89/M89 -> 341.83997 | W89: Romania | X89: 03 Feb 2026 09:36 | Y89: 02 Feb 2026 | Z89: =MID(X89,4,3) -> Feb | AA89: =IF($I89=AA$1,IF($L89=AA$1,$M89,$O89),IF($L89=AA$1,$P89,0)) -> 0 | AB89: =IF($I89=AB$1,IF($L89=AB$1,$M89,$O89),IF($L89=AB$1,$P89,0)) -> 0 | AC89: =IF($I89=AC$1,IF($L89=AC$1,$M89,$O89),IF($L89=AC$1,$P89,0)) -> 7 | AD89: =IF($I89=AD$1,IF($L89=AD$1,$M89,$O89),IF($L89=AD$1,$P89,0)) -> 0 | AE89: =IF($I89=AE$1,IF($L89=AE$1,$M89,$O89),IF($L89=AE$1,$P89,0)) -> 0 | AF89: =SUM(AA89:AE89) -> 7 | AG89: =+AF89-M89 -> 0 | AH89: =LEFT(X89,2)&"."&VLOOKUP(MID(X89,4,3),'Data validation'!$A$1:$B$12,2,FALSE)&".2025" -> 03.02.2025 | AI89: =WEEKNUM(AH89) -> 6 | AJ89: =H89&"."&VLOOKUP(I89,'Data validation'!$A$1:$B$12,2,FALSE)&".2026" -> 20.07.2026 | AK89: =WEEKNUM(AJ89) -> 30 | AL89: =VLOOKUP(E89,[2]Sheet1!$A:$B,2,FALSE) -> #N/A
A90: =VLOOKUP(Q90,'Data validation'!$K$2:$L$50,2,FALSE) -> TOPOLA SKIES | B90: =AA90+IF(I90="Jun",IF(_xlfn.NUMBERVALUE(H90)>14,0,IF(_xlfn.NUMBERVALUE(K90)<14,M90,15-_xlfn.NUMBERVALUE(H90))),0) -> 0 | C90: =M90-B90-D90 -> 5 | D90: =IF(L90="Jul",IF(_xlfn.NUMBERVALUE(K90)<11,0,IF(I90="Jul",IF(_xlfn.NUMBERVALUE(H90)>11,M90,_xlfn.NUMBERVALUE(K90)-11),0)),0)+IF(L90="Aug",IF(_xlfn.NUMBERVALUE(K90)>24,IF(_xlfn.NUMBERVALUE(H90)>24,0,25-_xlfn.NUMBERVALUE(H90)),IF(I90="Aug",M90,_xlfn.NUMBERVALUE(K90)-1+32-_xlfn.NUMBERVALUE(H90))),0) -> 0 | E90: 9898 | F90: 460594 | G90: 29 Jun 2026 | H90: =LEFT(G90,2) -> 29 | I90: =MID(G90,4,3) -> Jun | J90: 04 Jul 2026 | K90: =LEFT(J90,2) -> 04 | L90: =MID(J90,4,3) -> Jul | M90: 5 | N90: =+K90-H90 -> -25 | O90: =IF(I90=L90,0,31-H90) -> 2 | P90: =IF(I90=L90,0,K90-1) -> 3 | Q90: TOPOLA SKIES | R90: APP2-POOL | S90: 4 | T90: 1 | U90: 3077.2922 | V90: 615.45843 | X90: 30 Jan 2026 19:18 | Y90: 30 Jan 2026 | Z90: =MID(X90,4,3) -> Jan | AA90: =IF($I90=AA$1,IF($L90=AA$1,$M90,$O90),IF($L90=AA$1,$P90,0)) -> 0 | AB90: =IF($I90=AB$1,IF($L90=AB$1,$M90,$O90),IF($L90=AB$1,$P90,0)) -> 2 | AC90: =IF($I90=AC$1,IF($L90=AC$1,$M90,$O90),IF($L90=AC$1,$P90,0)) -> 3 | AD90: =IF($I90=AD$1,IF($L90=AD$1,$M90,$O90),IF($L90=AD$1,$P90,0)) -> 0 | AE90: =IF($I90=AE$1,IF($L90=AE$1,$M90,$O90),IF($L90=AE$1,$P90,0)) -> 0 | AF90: =SUM(AA90:AE90) -> 5 | AG90: =+AF90-M90 -> 0 | AH90: =LEFT(X90,2)&"."&VLOOKUP(MID(X90,4,3),'Data validation'!$A$1:$B$12,2,FALSE)&".2025" -> 30.01.2025 | AI90: =WEEKNUM(AH90) -> 5 | AJ90: =H90&"."&VLOOKUP(I90,'Data validation'!$A$1:$B$12,2,FALSE)&".2026" -> 29.06.2026 | AK90: =WEEKNUM(AJ90) -> 27 | AL90: =VLOOKUP(E90,[2]Sheet1!$A:$B,2,FALSE) -> #N/A
A91: =VLOOKUP(Q91,'Data validation'!$K$2:$L$50,2,FALSE) -> BOOKING | B91: =AA91+IF(I91="Jun",IF(_xlfn.NUMBERVALUE(H91)>14,0,IF(_xlfn.NUMBERVALUE(K91)<14,M91,15-_xlfn.NUMBERVALUE(H91))),0) -> 0 | C91: =M91-B91-D91 -> 0 | D91: =IF(L91="Jul",IF(_xlfn.NUMBERVALUE(K91)<11,0,IF(I91="Jul",IF(_xlfn.NUMBERVALUE(H91)>11,M91,_xlfn.NUMBERVALUE(K91)-11),0)),0)+IF(L91="Aug",IF(_xlfn.NUMBERVALUE(K91)>24,IF(_xlfn.NUMBERVALUE(H91)>24,0,25-_xlfn.NUMBERVALUE(H91)),IF(I91="Aug",M91,_xlfn.NUMBERVALUE(K91)-1+32-_xlfn.NUMBERVALUE(H91))),0) -> 3 | E91: 10178 | F91: 6415200612 | G91: 23 Jul 2026 | H91: =LEFT(G91,2) -> 23 | I91: =MID(G91,4,3) -> Jul | J91: 26 Jul 2026 | K91: =LEFT(J91,2) -> 26 | L91: =MID(J91,4,3) -> Jul | M91: 3 | N91: =+K91-H91 -> 3 | O91: =IF(I91=L91,0,31-H91) -> 0 | P91: =IF(I91=L91,0,K91-1) -> 0 | Q91: BOOKING | R91: ROOM | S91: 2 | T91: 1 | U91: 1430.1603 | V91: 476.7201 | W91: Romania | X91: 21 Feb 2026 16:24 | Y91: 21 Feb 2026 | Z91: =MID(X91,4,3) -> Feb | AA91: =IF($I91=AA$1,IF($L91=AA$1,$M91,$O91),IF($L91=AA$1,$P91,0)) -> 0 | AB91: =IF($I91=AB$1,IF($L91=AB$1,$M91,$O91),IF($L91=AB$1,$P91,0)) -> 0 | AC91: =IF($I91=AC$1,IF($L91=AC$1,$M91,$O91),IF($L91=AC$1,$P91,0)) -> 3 | AD91: =IF($I91=AD$1,IF($L91=AD$1,$M91,$O91),IF($L91=AD$1,$P91,0)) -> 0 | AE91: =IF($I91=AE$1,IF($L91=AE$1,$M91,$O91),IF($L91=AE$1,$P91,0)) -> 0 | AF91: =SUM(AA91:AE91) -> 3 | AG91: =+AF91-M91 -> 0 | AH91: =LEFT(X91,2)&"."&VLOOKUP(MID(X91,4,3),'Data validation'!$A$1:$B$12,2,FALSE)&".2025" -> 21.02.2025 | AI91: =WEEKNUM(AH91) -> 8 | AJ91: =H91&"."&VLOOKUP(I91,'Data validation'!$A$1:$B$12,2,FALSE)&".2026" -> 23.07.2026 | AK91: =WEEKNUM(AJ91) -> 30 | AL91: =VLOOKUP(E91,[2]Sheet1!$A:$B,2,FALSE) -> #N/A
A92: =VLOOKUP(Q92,'Data validation'!$K$2:$L$50,2,FALSE) -> TOPOLA SKIES | B92: =AA92+IF(I92="Jun",IF(_xlfn.NUMBERVALUE(H92)>14,0,IF(_xlfn.NUMBERVALUE(K92)<14,M92,15-_xlfn.NUMBERVALUE(H92))),0) -> 0 | C92: =M92-B92-D92 -> 5 | D92: =IF(L92="Jul",IF(_xlfn.NUMBERVALUE(K92)<11,0,IF(I92="Jul",IF(_xlfn.NUMBERVALUE(H92)>11,M92,_xlfn.NUMBERVALUE(K92)-11),0)),0)+IF(L92="Aug",IF(_xlfn.NUMBERVALUE(K92)>24,IF(_xlfn.NUMBERVALUE(H92)>24,0,25-_xlfn.NUMBERVALUE(H92)),IF(I92="Aug",M92,_xlfn.NUMBERVALUE(K92)-1+32-_xlfn.NUMBERVALUE(H92))),0) -> 0 | E92: 10180 | F92: 478151 | G92: 30 Aug 2026 | H92: =LEFT(G92,2) -> 30 | I92: =MID(G92,4,3) -> Aug | J92: 04 Sep 2026 | K92: =LEFT(J92,2) -> 04 | L92: =MID(J92,4,3) -> Sep | M92: 5 | N92: =+K92-H92 -> -26 | O92: =IF(I92=L92,0,31-H92) -> 1 | P92: =IF(I92=L92,0,K92-1) -> 3 | Q92: TOPOLA SKIES | R92: APP2-DELUXE | S92: 3 | T92: 2 | U92: 2944.511 | V92: 588.90221 | X92: 21 Feb 2026 17:13 | Y92: 21 Feb 2026 | Z92: =MID(X92,4,3) -> Feb | AA92: =IF($I92=AA$1,IF($L92=AA$1,$M92,$O92),IF($L92=AA$1,$P92,0)) -> 0 | AB92: =IF($I92=AB$1,IF($L92=AB$1,$M92,$O92),IF($L92=AB$1,$P92,0)) -> 0 | AC92: =IF($I92=AC$1,IF($L92=AC$1,$M92,$O92),IF($L92=AC$1,$P92,0)) -> 0 | AD92: =IF($I92=AD$1,IF($L92=AD$1,$M92,$O92),IF($L92=AD$1,$P92,0)) -> 1 | AE92: =IF($I92=AE$1,IF($L92=AE$1,$M92,$O92),IF($L92=AE$1,$P92,0)) -> 3 | AF92: =SUM(AA92:AE92) -> 4 | AG92: =+AF92-M92 -> -1 | AH92: =LEFT(X92,2)&"."&VLOOKUP(MID(X92,4,3),'Data validation'!$A$1:$B$12,2,FALSE)&".2025" -> 21.02.2025 | AI92: =WEEKNUM(AH92) -> 8 | AJ92: =H92&"."&VLOOKUP(I92,'Data validation'!$A$1:$B$12,2,FALSE)&".2026" -> 30.08.2026 | AK92: =WEEKNUM(AJ92) -> 36 | AL92: =VLOOKUP(E92,[2]Sheet1!$A:$B,2,FALSE) -> #N/A
A93: =VLOOKUP(Q93,'Data validation'!$K$2:$L$50,2,FALSE) -> TO | B93: =AA93+IF(I93="Jun",IF(_xlfn.NUMBERVALUE(H93)>14,0,IF(_xlfn.NUMBERVALUE(K93)<14,M93,15-_xlfn.NUMBERVALUE(H93))),0) -> 0 | C93: =M93-B93-D93 -> 0 | D93: =IF(L93="Jul",IF(_xlfn.NUMBERVALUE(K93)<11,0,IF(I93="Jul",IF(_xlfn.NUMBERVALUE(H93)>11,M93,_xlfn.NUMBERVALUE(K93)-11),0)),0)+IF(L93="Aug",IF(_xlfn.NUMBERVALUE(K93)>24,IF(_xlfn.NUMBERVALUE(H93)>24,0,25-_xlfn.NUMBERVALUE(H93)),IF(I93="Aug",M93,_xlfn.NUMBERVALUE(K93)-1+32-_xlfn.NUMBERVALUE(H93))),0) -> 7 | E93: 9735 | F93: 4594 | G93: 19 Jul 2026 | H93: =LEFT(G93,2) -> 19 | I93: =MID(G93,4,3) -> Jul | J93: 26 Jul 2026 | K93: =LEFT(J93,2) -> 26 | L93: =MID(J93,4,3) -> Jul | M93: 7 | N93: =+K93-H93 -> 7 | O93: =IF(I93=L93,0,31-H93) -> 0 | P93: =IF(I93=L93,0,K93-1) -> 0 | Q93: КЛУБ МАГЕЛАН - ООД | R93: ROOM | S93: 2 | T93: 2 | U93: =SUMIFS(Magelan!L:L,Magelan!D:D,'Резервации 2026'!E93) -> 2725.5665 | V93: =+U93/M93 -> 389.36664 | W93: Romania | X93: 26 Jan 2026 11:44 | Y93: 26 Jan 2026 | Z93: =MID(X93,4,3) -> Jan | AA93: =IF($I93=AA$1,IF($L93=AA$1,$M93,$O93),IF($L93=AA$1,$P93,0)) -> 0 | AB93: =IF($I93=AB$1,IF($L93=AB$1,$M93,$O93),IF($L93=AB$1,$P93,0)) -> 0 | AC93: =IF($I93=AC$1,IF($L93=AC$1,$M93,$O93),IF($L93=AC$1,$P93,0)) -> 7 | AD93: =IF($I93=AD$1,IF($L93=AD$1,$M93,$O93),IF($L93=AD$1,$P93,0)) -> 0 | AE93: =IF($I93=AE$1,IF($L93=AE$1,$M93,$O93),IF($L93=AE$1,$P93,0)) -> 0 | AF93: =SUM(AA93:AE93) -> 7 | AG93: =+AF93-M93 -> 0 | AH93: =LEFT(X93,2)&"."&VLOOKUP(MID(X93,4,3),'Data validation'!$A$1:$B$12,2,FALSE)&".2025" -> 26.01.2025 | AI93: =WEEKNUM(AH93) -> 5 | AJ93: =H93&"."&VLOOKUP(I93,'Data validation'!$A$1:$B$12,2,FALSE)&".2026" -> 19.07.2026 | AK93: =WEEKNUM(AJ93) -> 30 | AL93: =VLOOKUP(E93,[2]Sheet1!$A:$B,2,FALSE) -> #N/A
A94: =VLOOKUP(Q94,'Data validation'!$K$2:$L$50,2,FALSE) -> TOPOLA SKIES | B94: =AA94+IF(I94="Jun",IF(_xlfn.NUMBERVALUE(H94)>14,0,IF(_xlfn.NUMBERVALUE(K94)<14,M94,15-_xlfn.NUMBERVALUE(H94))),0) -> 0 | C94: =M94-B94-D94 -> 0 | D94: =IF(L94="Jul",IF(_xlfn.NUMBERVALUE(K94)<11,0,IF(I94="Jul",IF(_xlfn.NUMBERVALUE(H94)>11,M94,_xlfn.NUMBERVALUE(K94)-11),0)),0)+IF(L94="Aug",IF(_xlfn.NUMBERVALUE(K94)>24,IF(_xlfn.NUMBERVALUE(H94)>24,0,25-_xlfn.NUMBERVALUE(H94)),IF(I94="Aug",M94,_xlfn.NUMBERVALUE(K94)-1+32-_xlfn.NUMBERVALUE(H94))),0) -> 7 | E94: 10175 | F94: 478029 | G94: 20 Jul 2026 | H94: =LEFT(G94,2) -> 20 | I94: =MID(G94,4,3) -> Jul | J94: 27 Jul 2026 | K94: =LEFT(J94,2) -> 27 | L94: =MID(J94,4,3) -> Jul | M94: 7 | N94: =+K94-H94 -> 7 | O94: =IF(I94=L94,0,31-H94) -> 0 | P94: =IF(I94=L94,0,K94-1) -> 0 | Q94: TOPOLA SKIES | R94: ROOM | S94: 2 | T94: 1 | U94: 2807.2441 | V94: 401.03487 | X94: 21 Feb 2026 14:18 | Y94: 21 Feb 2026 | Z94: =MID(X94,4,3) -> Feb | AA94: =IF($I94=AA$1,IF($L94=AA$1,$M94,$O94),IF($L94=AA$1,$P94,0)) -> 0 | AB94: =IF($I94=AB$1,IF($L94=AB$1,$M94,$O94),IF($L94=AB$1,$P94,0)) -> 0 | AC94: =IF($I94=AC$1,IF($L94=AC$1,$M94,$O94),IF($L94=AC$1,$P94,0)) -> 7 | AD94: =IF($I94=AD$1,IF($L94=AD$1,$M94,$O94),IF($L94=AD$1,$P94,0)) -> 0 | AE94: =IF($I94=AE$1,IF($L94=AE$1,$M94,$O94),IF($L94=AE$1,$P94,0)) -> 0 | AF94: =SUM(AA94:AE94) -> 7 | AG94: =+AF94-M94 -> 0 | AH94: =LEFT(X94,2)&"."&VLOOKUP(MID(X94,4,3),'Data validation'!$A$1:$B$12,2,FALSE)&".2025" -> 21.02.2025 | AI94: =WEEKNUM(AH94) -> 8 | AJ94: =H94&"."&VLOOKUP(I94,'Data validation'!$A$1:$B$12,2,FALSE)&".2026" -> 20.07.2026 | AK94: =WEEKNUM(AJ94) -> 30 | AL94: =VLOOKUP(E94,[2]Sheet1!$A:$B,2,FALSE) -> #N/A
A95: =VLOOKUP(Q95,'Data validation'!$K$2:$L$50,2,FALSE) -> TOPOLA SKIES | B95: =AA95+IF(I95="Jun",IF(_xlfn.NUMBERVALUE(H95)>14,0,IF(_xlfn.NUMBERVALUE(K95)<14,M95,15-_xlfn.NUMBERVALUE(H95))),0) -> 0 | C95: =M95-B95-D95 -> 0 | D95: =IF(L95="Jul",IF(_xlfn.NUMBERVALUE(K95)<11,0,IF(I95="Jul",IF(_xlfn.NUMBERVALUE(H95)>11,M95,_xlfn.NUMBERVALUE(K95)-11),0)),0)+IF(L95="Aug",IF(_xlfn.NUMBERVALUE(K95)>24,IF(_xlfn.NUMBERVALUE(H95)>24,0,25-_xlfn.NUMBERVALUE(H95)),IF(I95="Aug",M95,_xlfn.NUMBERVALUE(K95)-1+32-_xlfn.NUMBERVALUE(H95))),0) -> 7 | E95: 10176 | F95: 478029 | G95: 20 Jul 2026 | H95: =LEFT(G95,2) -> 20 | I95: =MID(G95,4,3) -> Jul | J95: 27 Jul 2026 | K95: =LEFT(J95,2) -> 27 | L95: =MID(J95,4,3) -> Jul | M95: 7 | N95: =+K95-H95 -> 7 | O95: =IF(I95=L95,0,31-H95) -> 0 | P95: =IF(I95=L95,0,K95-1) -> 0 | Q95: TOPOLA SKIES | R95: ROOM | S95: 2 | T95: 1 | U95: 2807.2441 | V95: 401.03487 | X95: 21 Feb 2026 14:18 | Y95: 21 Feb 2026 | Z95: =MID(X95,4,3) -> Feb | AA95: =IF($I95=AA$1,IF($L95=AA$1,$M95,$O95),IF($L95=AA$1,$P95,0)) -> 0 | AB95: =IF($I95=AB$1,IF($L95=AB$1,$M95,$O95),IF($L95=AB$1,$P95,0)) -> 0 | AC95: =IF($I95=AC$1,IF($L95=AC$1,$M95,$O95),IF($L95=AC$1,$P95,0)) -> 7 | AD95: =IF($I95=AD$1,IF($L95=AD$1,$M95,$O95),IF($L95=AD$1,$P95,0)) -> 0 | AE95: =IF($I95=AE$1,IF($L95=AE$1,$M95,$O95),IF($L95=AE$1,$P95,0)) -> 0 | AF95: =SUM(AA95:AE95) -> 7 | AG95: =+AF95-M95 -> 0 | AH95: =LEFT(X95,2)&"."&VLOOKUP(MID(X95,4,3),'Data validation'!$A$1:$B$12,2,FALSE)&".2025" -> 21.02.2025 | AI95: =WEEKNUM(AH95) -> 8 | AJ95: =H95&"."&VLOOKUP(I95,'Data validation'!$A$1:$B$12,2,FALSE)&".2026" -> 20.07.2026 | AK95: =WEEKNUM(AJ95) -> 30 | AL95: =VLOOKUP(E95,[2]Sheet1!$A:$B,2,FALSE) -> #N/A
A96: =VLOOKUP(Q96,'Data validation'!$K$2:$L$50,2,FALSE) -> TOPOLA SKIES | B96: =AA96+IF(I96="Jun",IF(_xlfn.NUMBERVALUE(H96)>14,0,IF(_xlfn.NUMBERVALUE(K96)<14,M96,15-_xlfn.NUMBERVALUE(H96))),0) -> 0 | C96: =M96-B96-D96 -> 0 | D96: =IF(L96="Jul",IF(_xlfn.NUMBERVALUE(K96)<11,0,IF(I96="Jul",IF(_xlfn.NUMBERVALUE(H96)>11,M96,_xlfn.NUMBERVALUE(K96)-11),0)),0)+IF(L96="Aug",IF(_xlfn.NUMBERVALUE(K96)>24,IF(_xlfn.NUMBERVALUE(H96)>24,0,25-_xlfn.NUMBERVALUE(H96)),IF(I96="Aug",M96,_xlfn.NUMBERVALUE(K96)-1+32-_xlfn.NUMBERVALUE(H96))),0) -> 7 | E96: 10177 | F96: 478029 | G96: 20 Jul 2026 | H96: =LEFT(G96,2) -> 20 | I96: =MID(G96,4,3) -> Jul | J96: 27 Jul 2026 | K96: =LEFT(J96,2) -> 27 | L96: =MID(J96,4,3) -> Jul | M96: 7 | N96: =+K96-H96 -> 7 | O96: =IF(I96=L96,0,31-H96) -> 0 | P96: =IF(I96=L96,0,K96-1) -> 0 | Q96: TOPOLA SKIES | R96: ROOM | S96: 2 | T96: 2 | U96: 3508.9923 | V96: 501.28461 | X96: 21 Feb 2026 14:18 | Y96: 21 Feb 2026 | Z96: =MID(X96,4,3) -> Feb | AA96: =IF($I96=AA$1,IF($L96=AA$1,$M96,$O96),IF($L96=AA$1,$P96,0)) -> 0 | AB96: =IF($I96=AB$1,IF($L96=AB$1,$M96,$O96),IF($L96=AB$1,$P96,0)) -> 0 | AC96: =IF($I96=AC$1,IF($L96=AC$1,$M96,$O96),IF($L96=AC$1,$P96,0)) -> 7 | AD96: =IF($I96=AD$1,IF($L96=AD$1,$M96,$O96),IF($L96=AD$1,$P96,0)) -> 0 | AE96: =IF($I96=AE$1,IF($L96=AE$1,$M96,$O96),IF($L96=AE$1,$P96,0)) -> 0 | AF96: =SUM(AA96:AE96) -> 7 | AG96: =+AF96-M96 -> 0 | AH96: =LEFT(X96,2)&"."&VLOOKUP(MID(X96,4,3),'Data validation'!$A$1:$B$12,2,FALSE)&".2025" -> 21.02.2025 | AI96: =WEEKNUM(AH96) -> 8 | AJ96: =H96&"."&VLOOKUP(I96,'Data validation'!$A$1:$B$12,2,FALSE)&".2026" -> 20.07.2026 | AK96: =WEEKNUM(AJ96) -> 30 | AL96: =VLOOKUP(E96,[2]Sheet1!$A:$B,2,FALSE) -> #N/A
A97: =VLOOKUP(Q97,'Data validation'!$K$2:$L$50,2,FALSE) -> BOOKING | B97: =AA97+IF(I97="Jun",IF(_xlfn.NUMBERVALUE(H97)>14,0,IF(_xlfn.NUMBERVALUE(K97)<14,M97,15-_xlfn.NUMBERVALUE(H97))),0) -> 0 | C97: =M97-B97-D97 -> 2 | D97: =IF(L97="Jul",IF(_xlfn.NUMBERVALUE(K97)<11,0,IF(I97="Jul",IF(_xlfn.NUMBERVALUE(H97)>11,M97,_xlfn.NUMBERVALUE(K97)-11),0)),0)+IF(L97="Aug",IF(_xlfn.NUMBERVALUE(K97)>24,IF(_xlfn.NUMBERVALUE(H97)>24,0,25-_xlfn.NUMBERVALUE(H97)),IF(I97="Aug",M97,_xlfn.NUMBERVALUE(K97)-1+32-_xlfn.NUMBERVALUE(H97))),0) -> 0 | E97: 10256 | F97: 5517618997 | G97: 21 Jun 2026 | H97: =LEFT(G97,2) -> 21 | I97: =MID(G97,4,3) -> Jun | J97: 23 Jun 2026 | K97: =LEFT(J97,2) -> 23 | L97: =MID(J97,4,3) -> Jun | M97: 2 | N97: =+K97-H97 -> 2 | O97: =IF(I97=L97,0,31-H97) -> 0 | P97: =IF(I97=L97,0,K97-1) -> 0 | Q97: BOOKING | R97: APP1-SEA | S97: 2 | T97: 1 | U97: 796.47139 | V97: 398.2357 | W97: Romania | X97: 27 Feb 2026 15:19 | Y97: 27 Feb 2026 | Z97: =MID(X97,4,3) -> Feb | AA97: =IF($I97=AA$1,IF($L97=AA$1,$M97,$O97),IF($L97=AA$1,$P97,0)) -> 0 | AB97: =IF($I97=AB$1,IF($L97=AB$1,$M97,$O97),IF($L97=AB$1,$P97,0)) -> 2 | AC97: =IF($I97=AC$1,IF($L97=AC$1,$M97,$O97),IF($L97=AC$1,$P97,0)) -> 0 | AD97: =IF($I97=AD$1,IF($L97=AD$1,$M97,$O97),IF($L97=AD$1,$P97,0)) -> 0 | AE97: =IF($I97=AE$1,IF($L97=AE$1,$M97,$O97),IF($L97=AE$1,$P97,0)) -> 0 | AF97: =SUM(AA97:AE97) -> 2 | AG97: =+AF97-M97 -> 0 | AH97: =LEFT(X97,2)&"."&VLOOKUP(MID(X97,4,3),'Data validation'!$A$1:$B$12,2,FALSE)&".2025" -> 27.02.2025 | AI97: =WEEKNUM(AH97) -> 9 | AJ97: =H97&"."&VLOOKUP(I97,'Data validation'!$A$1:$B$12,2,FALSE)&".2026" -> 21.06.2026 | AK97: =WEEKNUM(AJ97) -> 26 | AL97: =VLOOKUP(E97,[2]Sheet1!$A:$B,2,FALSE) -> Анулирана
A98: =VLOOKUP(Q98,'Data validation'!$K$2:$L$50,2,FALSE) -> TO | B98: =AA98+IF(I98="Jun",IF(_xlfn.NUMBERVALUE(H98)>14,0,IF(_xlfn.NUMBERVALUE(K98)<14,M98,15-_xlfn.NUMBERVALUE(H98))),0) -> 0 | C98: =M98-B98-D98 -> 0 | D98: =IF(L98="Jul",IF(_xlfn.NUMBERVALUE(K98)<11,0,IF(I98="Jul",IF(_xlfn.NUMBERVALUE(H98)>11,M98,_xlfn.NUMBERVALUE(K98)-11),0)),0)+IF(L98="Aug",IF(_xlfn.NUMBERVALUE(K98)>24,IF(_xlfn.NUMBERVALUE(H98)>24,0,25-_xlfn.NUMBERVALUE(H98)),IF(I98="Aug",M98,_xlfn.NUMBERVALUE(K98)-1+32-_xlfn.NUMBERVALUE(H98))),0) -> 6 | E98: 10257 | F98: 62552 | G98: 03 Aug 2026 | H98: =LEFT(G98,2) -> 03 | I98: =MID(G98,4,3) -> Aug | J98: 09 Aug 2026 | K98: =LEFT(J98,2) -> 09 | L98: =MID(J98,4,3) -> Aug | M98: 6 | N98: =+K98-H98 -> 6 | O98: =IF(I98=L98,0,31-H98) -> 0 | P98: =IF(I98=L98,0,K98-1) -> 0 | Q98: КЛУБ МАГЕЛАН - ООД | R98: ROOM-DELUXE | S98: 2 | T98: 2 | U98: =SUMIFS(Magelan!L:L,Magelan!D:D,'Резервации 2026'!E98) -> 2604.1094 | V98: =+U98/M98 -> 434.01824 | W98: Romania | X98: 27 Feb 2026 15:28 | Y98: 27 Feb 2026 | Z98: =MID(X98,4,3) -> Feb | AA98: =IF($I98=AA$1,IF($L98=AA$1,$M98,$O98),IF($L98=AA$1,$P98,0)) -> 0 | AB98: =IF($I98=AB$1,IF($L98=AB$1,$M98,$O98),IF($L98=AB$1,$P98,0)) -> 0 | AC98: =IF($I98=AC$1,IF($L98=AC$1,$M98,$O98),IF($L98=AC$1,$P98,0)) -> 0 | AD98: =IF($I98=AD$1,IF($L98=AD$1,$M98,$O98),IF($L98=AD$1,$P98,0)) -> 6 | AE98: =IF($I98=AE$1,IF($L98=AE$1,$M98,$O98),IF($L98=AE$1,$P98,0)) -> 0 | AF98: =SUM(AA98:AE98) -> 6 | AG98: =+AF98-M98 -> 0 | AH98: =LEFT(X98,2)&"."&VLOOKUP(MID(X98,4,3),'Data validation'!$A$1:$B$12,2,FALSE)&".2025" -> 27.02.2025 | AI98: =WEEKNUM(AH98) -> 9 | AJ98: =H98&"."&VLOOKUP(I98,'Data validation'!$A$1:$B$12,2,FALSE)&".2026" -> 03.08.2026 | AK98: =WEEKNUM(AJ98) -> 32 | AL98: =VLOOKUP(E98,[2]Sheet1!$A:$B,2,FALSE) -> #N/A
A99: =VLOOKUP(Q99,'Data validation'!$K$2:$L$50,2,FALSE) -> TOPOLA SKIES | B99: =AA99+IF(I99="Jun",IF(_xlfn.NUMBERVALUE(H99)>14,0,IF(_xlfn.NUMBERVALUE(K99)<14,M99,15-_xlfn.NUMBERVALUE(H99))),0) -> 0 | C99: =M99-B99-D99 -> 0 | D99: =IF(L99="Jul",IF(_xlfn.NUMBERVALUE(K99)<11,0,IF(I99="Jul",IF(_xlfn.NUMBERVALUE(H99)>11,M99,_xlfn.NUMBERVALUE(K99)-11),0)),0)+IF(L99="Aug",IF(_xlfn.NUMBERVALUE(K99)>24,IF(_xlfn.NUMBERVALUE(H99)>24,0,25-_xlfn.NUMBERVALUE(H99)),IF(I99="Aug",M99,_xlfn.NUMBERVALUE(K99)-1+32-_xlfn.NUMBERVALUE(H99))),0) -> 5 | E99: 9370 | F99: 439851 | G99: 24 Jul 2026 | H99: =LEFT(G99,2) -> 24 | I99: =MID(G99,4,3) -> Jul | J99: 29 Jul 2026 | K99: =LEFT(J99,2) -> 29 | L99: =MID(J99,4,3) -> Jul | M99: 5 | N99: =+K99-H99 -> 5 | O99: =IF(I99=L99,0,31-H99) -> 0 | P99: =IF(I99=L99,0,K99-1) -> 0 | Q99: TOPOLA SKIES | R99: APP2-DELUXE | S99: 3 | T99: 2 | U99: 3617.3883 | V99: 723.47767 | X99: 06 Jan 2026 21:08 | Y99: 06 Jan 2026 | Z99: =MID(X99,4,3) -> Jan | AA99: =IF($I99=AA$1,IF($L99=AA$1,$M99,$O99),IF($L99=AA$1,$P99,0)) -> 0 | AB99: =IF($I99=AB$1,IF($L99=AB$1,$M99,$O99),IF($L99=AB$1,$P99,0)) -> 0 | AC99: =IF($I99=AC$1,IF($L99=AC$1,$M99,$O99),IF($L99=AC$1,$P99,0)) -> 5 | AD99: =IF($I99=AD$1,IF($L99=AD$1,$M99,$O99),IF($L99=AD$1,$P99,0)) -> 0 | AE99: =IF($I99=AE$1,IF($L99=AE$1,$M99,$O99),IF($L99=AE$1,$P99,0)) -> 0 | AF99: =SUM(AA99:AE99) -> 5 | AG99: =+AF99-M99 -> 0 | AH99: =LEFT(X99,2)&"."&VLOOKUP(MID(X99,4,3),'Data validation'!$A$1:$B$12,2,FALSE)&".2025" -> 06.01.2025 | AI99: =WEEKNUM(AH99) -> 2 | AJ99: =H99&"."&VLOOKUP(I99,'Data validation'!$A$1:$B$12,2,FALSE)&".2026" -> 24.07.2026 | AK99: =WEEKNUM(AJ99) -> 30 | AL99: =VLOOKUP(E99,[2]Sheet1!$A:$B,2,FALSE) -> #N/A
A100: =VLOOKUP(Q100,'Data validation'!$K$2:$L$50,2,FALSE) -> TO | B100: =AA100+IF(I100="Jun",IF(_xlfn.NUMBERVALUE(H100)>14,0,IF(_xlfn.NUMBERVALUE(K100)<14,M100,15-_xlfn.NUMBERVALUE(H100))),0) -> 0 | C100: =M100-B100-D100 -> 0 | D100: =IF(L100="Jul",IF(_xlfn.NUMBERVALUE(K100)<11,0,IF(I100="Jul",IF(_xlfn.NUMBERVALUE(H100)>11,M100,_xlfn.NUMBERVALUE(K100)-11),0)),0)+IF(L100="Aug",IF(_xlfn.NUMBERVALUE(K100)>24,IF(_xlfn.NUMBERVALUE(H100)>24,0,25-_xlfn.NUMBERVALUE(H100)),IF(I100="Aug",M100,_xlfn.NUMBERVALUE(K100)-1+32-_xlfn.NUMBERVALUE(H100))),0) -> 3 | E100: 9787 | F100: 1237443.231422 | G100: 16 Jul 2026 | H100: =LEFT(G100,2) -> 16 | I100: =MID(G100,4,3) -> Jul | J100: 19 Jul 2026 | K100: =LEFT(J100,2) -> 19 | L100: =MID(J100,4,3) -> Jul | M100: 3 | N100: =+K100-H100 -> 3 | O100: =IF(I100=L100,0,31-H100) -> 0 | P100: =IF(I100=L100,0,K100-1) -> 0 | Q100: СЛР-ХОЛИДЕЙ-СЪРВИС ЕООД | R100: ROOM-SEA | S100: 2 | T100: 1 | U100: =SUMIFS(SLR!L:L,SLR!D:D,'Резервации 2026'!E100) -> 1367.2425 | V100: =+U100/M100 -> 455.74751 | W100: Romania | X100: 28 Jan 2026 09:55 | Y100: 28 Jan 2026 | Z100: =MID(X100,4,3) -> Jan | AA100: =IF($I100=AA$1,IF($L100=AA$1,$M100,$O100),IF($L100=AA$1,$P100,0)) -> 0 | AB100: =IF($I100=AB$1,IF($L100=AB$1,$M100,$O100),IF($L100=AB$1,$P100,0)) -> 0 | AC100: =IF($I100=AC$1,IF($L100=AC$1,$M100,$O100),IF($L100=AC$1,$P100,0)) -> 3 | AD100: =IF($I100=AD$1,IF($L100=AD$1,$M100,$O100),IF($L100=AD$1,$P100,0)) -> 0 | AE100: =IF($I100=AE$1,IF($L100=AE$1,$M100,$O100),IF($L100=AE$1,$P100,0)) -> 0 | AF100: =SUM(AA100:AE100) -> 3 | AG100: =+AF100-M100 -> 0 | AH100: =LEFT(X100,2)&"."&VLOOKUP(MID(X100,4,3),'Data validation'!$A$1:$B$12,2,FALSE)&".2025" -> 28.01.2025 | AI100: =WEEKNUM(AH100) -> 5 | AJ100: =H100&"."&VLOOKUP(I100,'Data validation'!$A$1:$B$12,2,FALSE)&".2026" -> 16.07.2026 | AK100: =WEEKNUM(AJ100) -> 29 | AL100: =VLOOKUP(E100,[2]Sheet1!$A:$B,2,FALSE) -> #N/A
...

Sheet refresh
A1: \
D5: Анулирана | E5: (Multiple Items)
D7: Row Labels | E7: Sum of Начисления за стая | F7: Sum of Total
D8: 43 | E8: 3580.6044 | F8: 10 | G8: =E8/F8 -> 358.06044 | H8: =+G8/L8-1 -> 0.07895881 | I8: Oct | J8: 22898.159 | K8: 69 | L8: =J8/K8 -> 331.85737
D9: 44 | E9: 111823.88 | F9: 299 | G9: =E9/F9 -> 373.99291 | H9: =+G9/L9-1 -> 0.31123999 | I9: Nov | J9: 32229.95 | K9: 113 | L9: =J9/K9 -> 285.2208
D10: 45 | E10: 180289.42 | F10: 546 | G10: =E10/F10 -> 330.20041 | H10: =+G10/L10-1 -> 0.099836678 | J10: 250989.57 | K10: 836 | L10: =J10/K10 -> 300.22676
D11: 46 | E11: 449814.09 | F11: 1366 | G11: =E11/F11 -> 329.29289 | H11: =+G11/L11-1 -> 0.1295219 | J11: 342842.79 | K11: 1176 | L11: =J11/K11 -> 291.53298
D12: 47 | E12: 313954.91 | F12: 937 | G12: =E12/F12 -> 335.06394 | H12: =+G12/L12-1 -> 0.18949622 | J12: 400275.22 | K12: 1421 | L12: =J12/K12 -> 281.68559
D13: 48 | E13: 319919.66 | F13: 902 | G13: =E13/F13 -> 354.67812 | H13: =+G13/L13-1 -> 0.17118595 | J13: 322823.95 | K13: 1066 | L13: =J13/K13 -> 302.83672
D14: 49 | E14: 176850.76 | F14: 466 | G14: =E14/F14 -> 379.50806 | J14: 22467.439 | K14: 67
D15: 50 | E15: 103759.68 | F15: 264 | G15: =E15/F15 -> 393.0291
D16: 51 | E16: 76043.253 | F16: 200 | G16: =E16/F16 -> 380.21626
D17: 52 | E17: 74641.485 | F17: 197 | G17: =E17/F17 -> 378.89079
D18: 53 | E18: 170959.69 | F18: 440 | G18: =E18/F18 -> 388.54476
D19: 1 | E19: 45096.979 | F19: 122 | G19: =E19/F19 -> 369.64737
D20: 2 | E20: 125536.3 | F20: 298 | G20: =E20/F20 -> 421.26274
D21: 3 | E21: 230839.21 | F21: 588 | G21: =E21/F21 -> 392.58369
D22: 4 | E22: 251540.04 | F22: 625 | G22: =E22/F22 -> 402.46406
D23: 5 | E23: 394148.85 | F23: 1015 | G23: =E23/F23 -> 388.32399
D24: 6 | E24: 153206.06 | F24: 412 | G24: =E24/F24 -> 371.85936
D25: 7 | E25: 114383.21 | F25: 284 | G25: =E25/F25 -> 402.75779
D26: 8 | E26: 146746.59 | F26: 382
D27: 9 | E27: 144701.44 | F27: 353
D28: 10 | E28: 134118.83 | F28: 342
D29: 11 | E29: 127051.45 | F29: 302
D30: 12 | E30: 146008.81 | F30: 404
D31: 13 | E31: 165316.97 | F31: 459
D32: 14 | E32: 148237.02 | F32: 379
D33: 15 | E33: 63086.119 | F33: 151
D34: 16 | E34: 85182.917 | F34: 198
D35: 17 | E35: 244054.61 | F35: 649
D36: 18 | E36: 224927.18 | F36: 542
D37: 19 | E37: 134863.42 | F37: 295
... D41: 23 | E41: 149869.77 | F41: 364
D42: Grand Total | E42: 5623016.6 | F42: 14656
D45: WeekNr | E45: 2025 Revenue | F45: 2025 Reservations | G45: 2024 Revenue | H45: 2024 Reservations | I45: ∆ Reservations | J45: ∆ Revenue
D46: 40 | G46: 930.6 | H46: 6 | I46: =+F46-H46 -> -6 | J46: =+E46-G46 -> -930.6
D47: 41 | G47: 1444.2 | H47: 14 | I47: =+F47-H47 -> -14 | J47: =+E47-G47 -> -1444.2
D48: 42 | G48: 25583.794 | H48: 77 | I48: =+F48-H48 -> -77 | J48: =+E48-G48 -> -25583.794
D49: 43 | E49: 3580.6044 | F49: 10 | G49: 22898.159 | H49: 69 | I49: =+F49-H49 -> -59 | J49: =+E49-G49 -> -19317.554
D50: 44 | E50: 111823.88 | F50: 299 | G50: 32229.95 | H50: 113 | I50: =+F50-H50 -> 186 | J50: =+E50-G50 -> 79593.932
D51: 45 | E51: 180289.42 | F51: 546 | G51: 250989.57 | H51: 836 | I51: =+F51-H51 -> -290 | J51: =+E51-G51 -> -70700.152
B52: Link 2025↓ | D52: 46 | E52: 449814.09 | F52: 1366 | G52: 342842.79 | H52: 1176 | I52: =+F52-H52 -> 190 | J52: =+E52-G52 -> 106971.3
B53: =[1]refresh!$K$114 -> 0 | D53: 47 | E53: 313954.91 | F53: 937 | G53: 400275.22 | H53: 1421 | I53: =+F53-H53 -> -484 | J53: =+E53-G53 -> -86320.305
D54: 48 | E54: 319919.66 | F54: 902 | G54: 322823.95 | H54: 1066 | I54: =+F54-H54 -> -164 | J54: =+E54-G54 -> -2904.2858
D55: 49 | E55: 176850.76 | F55: 466 | G55: 86172.75 | H55: 273 | I55: =+F55-H55 -> 193 | J55: =+E55-G55 -> 90678.006
D56: 50 | E56: 103759.68 | F56: 264 | G56: 267259.51 | H56: 951 | I56: =+F56-H56 -> -687 | J56: =+E56-G56 -> -163499.83
D57: 51 | E57: 76043.253 | F57: 200 | G57: 101143.87 | H57: 284 | I57: =+F57-H57 -> -84 | J57: =+E57-G57 -> -25100.616
D58: 52 | E58: 74641.485 | F58: 197 | G58: 173443.63 | H58: 497 | I58: =+F58-H58 -> -300 | J58: =+E58-G58 -> -98802.141
D59: 53 | E59: 170959.69 | F59: 440 | G59: 175203.39 | H59: 534 | I59: =+F59-H59 -> -94 | J59: =+E59-G59 -> -4243.6961
D60: 1 | E60: 45096.979 | F60: 122 | G60: 64108.357 | H60: 154 | I60: =+F60-H60 -> -32 | J60: =+E60-G60 -> -19011.378
D61: 2 | E61: 125536.3 | F61: 298 | G61: 195619.73 | H61: 559 | I61: =+F61-H61 -> -261 | J61: =+E61-G61 -> -70083.431
D62: 3 | E62: 230839.21 | F62: 588 | G62: 255987.59 | H62: 700 | I62: =+F62-H62 -> -112 | J62: =+E62-G62 -> -25148.38
D63: 4 | E63: 251540.04 | F63: 625 | G63: 246472 | H63: 683 | I63: =+F63-H63 -> -58 | J63: =+E63-G63 -> 5068.0343
D64: 5 | E64: 394148.85 | F64: 1015 | G64: 382528.25 | H64: 1049 | I64: =+F64-H64 -> -34 | J64: =+E64-G64 -> 11620.593
D65: 6 | E65: 153206.06 | F65: 412 | G65: 162187.76 | H65: 417 | I65: =+F65-H65 -> -5 | J65: =+E65-G65 -> -8981.703
... D82: 23 | E82: 149869.77 | F82: 364 | G82: 175144.67 | H82: 617 | I82: =+F82-H82 -> -253 | J82: =+E82-G82 -> -25274.898
E83: =SUM(E49:E82) -> 5623016.6 | F83: =SUM(F49:F82) -> 14656 | G83: =SUM(G46:G82) -> 5300691 | H83: =SUM(H46:H82) -> 15633 | I83: =SUM(I46:I82) -> -977 | J83: =SUM(J46:J82) -> 322325.64 | M83: =+I83/H83 -> -0.062496002 | N83: =+J83/G83 -> 0.06080823
D84: ADR | F84: =+E83/F83 -> 383.66653 | H84: =+G83/H83 -> 339.07062
H85: =(F84-H84)/H84 -> 0.13152395
D88: WeekNumber | E88: (All)
D89: Анулирана | E89: (Multiple Items) | N89: Анулирана | O89: (Multiple Items)
D91: Row Labels | E91: Sum of Total | N91: Sum of Total | O91: Column Labels
D92: APP1-DELUXE | E92: 853 | G92: APP1-DELUXE | H92: 773 | I92: =+E92-H92 -> 80 | N92: Row Labels | O92: 43 | P92: 44 | Q92: 45 | R92: 46 | S92: 47 | T92: 48 | U92: 49 | V92: 50 | W92: 51 | X92: 52 | Y92: 53 | Z92: 1 | AA92: 2 | AB92: 3 | AC92: 4 | AD92: 5 | AE92: 6 | AF92: 7 | AG92: 8 | AH92: 9 | AI92: 10 | AJ92: 11 | AK92: 12 | AL92: 13 | AM92: 14 | AN92: 15 | AO92: 17 | AP92: 18 | AQ92: 16 | AR92: 19 | AS92: 21 | AT92: 20 | AU92: 22 | AV92: 23 | AW92: Grand Total | AX92: 4
D93: APP1-POOL | E93: 3260 | G93: APP1-POOL | H93: 1303 | I93: =+E93-H93 -> 1957 | N93: APP1-DELUXE | P93: 49 | Q93: 60 | R93: 135 | S93: 49 | T93: 80 | U93: 10 | V93: 19 | W93: 7 | X93: 13 | Y93: 33 | Z93: 4 | AA93: 21 | AB93: 33 | AC93: 35 | AD93: 63 | AE93: 17 | AF93: 30 | AG93: 15 | AH93: 5 | AI93: 27 | AJ93: 24 | AK93: 6 | AL93: 5 | AM93: 6 | AO93: 12 | AP93: 24 | AQ93: 11 | AR93: 3 | AS93: 4 | AT93: 12 | AU93: 22 | AV93: 19 | AW93: 853 | AX93: =+AC93/AC$102 -> 0.056
D94: APP1-PREMIUM | E94: 41 | G94: APP1-PREMIUM | H94: 69 | I94: =+E94-H94 -> -28 | N94: APP1-POOL | P94: 88 | Q94: 161 | R94: 328 | S94: 247 | T94: 231 | U94: 109 | V94: 49 | W94: 37 | X94: 88 | Y94: 168 | Z94: 33 | AA94: 46 | AB94: 146 | AC94: 141 | AD94: 332 | AE94: 82 | AF94: 17 | AG94: 34 | AH94: 63 | AI94: 36 | AJ94: 69 | AK94: 90 | AL94: 41 | AM94: 30 | AN94: 48 | AO94: 71 | AP94: 163 | AQ94: 61 | AR94: 71 | AS94: 44 | AT94: 31 | AU94: 50 | AV94: 55 | AW94: 3260 | AX94: =+AC94/AC$102 -> 0.2256
D95: APP1-SEA | E95: 1047 | G95: APP1-SEA | H95: 1622 | I95: =+E95-H95 -> -575 | N95: APP1-PREMIUM | R95: 8 | Y95: 5 | AD95: 6 | AE95: 5 | AH95: 6 | AM95: 7 | AO95: 4 | AW95: 41 | AX95: =+AC95/AC$102 -> 0
D96: APP2-DELUXE | E96: 487 | G96: APP2-DELUXE | H96: 407 | I96: =+E96-H96 -> 80 | N96: APP1-SEA | P96: 24 | Q96: 13 | R96: 6 | S96: 40 | T96: 27 | U96: 40 | V96: 27 | W96: 5 | Y96: 15 | AA96: 17 | AB96: 44 | AC96: 48 | AD96: 65 | AE96: 45 | AF96: 18 | AG96: 28 | AH96: 44 | AI96: 46 | AJ96: 39 | AK96: 36 | AL96: 35 | AM96: 26 | AN96: 14 | AO96: 82 | AP96: 38 | AQ96: 30 | AR96: 41 | AS96: 63 | AT96: 30 | AU96: 56 | AV96: 5 | AW96: 1047 | AX96: =+AC96/AC$102 -> 0.0768
D97: APP2-POOL | E97: 826 | G97: APP2-POOL | H97: 675 | I97: =+E97-H97 -> 151 | N97: APP2-DELUXE | P97: 5 | Q97: 15 | R97: 97 | S97: 66 | T97: 30 | U97: 22 | W97: 21 | X97: 18 | Y97: 5 | AA97: 17 | AB97: 15 | AC97: 27 | AD97: 38 | AF97: 6 | AG97: 9 | AH97: 11 | AJ97: 4 | AK97: 7 | AM97: 10 | AO97: 19 | AP97: 16 | AQ97: 2 | AR97: 2 | AS97: 6 | AU97: 4 | AV97: 15 | AW97: 487 | AX97: =+AC97/AC$102 -> 0.0432
D98: ROOM | E98: 4281 | G98: ROOM | H98: 5667 | I98: =+E98-H98 -> -1386 | N98: APP2-POOL | P98: 36 | Q98: 25 | R98: 69 | S98: 57 | T98: 86 | U98: 61 | V98: 32 | W98: 27 | X98: 10 | Y98: 33 | Z98: 6 | AA98: 19 | AB98: 33 | AC98: 65 | AD98: 38 | AE98: 16 | AF98: 14 | AG98: 10 | AH98: 21 | AI98: 12 | AJ98: 15 | AK98: 6 | AL98: 19 | AM98: 25 | AN98: 7 | AO98: 13 | AP98: 18 | AQ98: 8 | AR98: 12 | AS98: 13 | AU98: 6 | AV98: 14 | AW98: 826 | AX98: =+AC98/AC$102 -> 0.104
D99: ROOM-DELUXE | E99: 983 | G99: ROOM-DELUXE | H99: 1084 | I99: =+E99-H99 -> -101 | N99: ROOM | P99: 56 | Q99: 172 | R99: 372 | S99: 291 | T99: 223 | U99: 140 | V99: 116 | W99: 71 | X99: 33 | Y99: 109 | Z99: 32 | AA99: 40 | AB99: 149 | AC99: 169 | AD99: 220 | AE99: 85 | AF99: 113 | AG99: 169 | AH99: 113 | AI99: 86 | AJ99: 81 | AK99: 152 | AL99: 103 | AM99: 98 | AN99: 25 | AO99: 304 | AP99: 195 | AQ99: 56 | AR99: 102 | AS99: 95 | AT99: 72 | AU99: 127 | AV99: 112 | AW99: 4281 | AX99: =+AC99/AC$102 -> 0.2704
D100: ROOM-SEA | E100: 2878 | G100: ROOM-SEA | H100: 2698 | I100: =+E100-H100 -> 180 | N100: ROOM-DELUXE | O100: 5 | P100: 18 | Q100: 25 | R100: 181 | S100: 57 | T100: 98 | U100: 20 | W100: 17 | X100: 27 | Y100: 16 | Z100: 6 | AA100: 46 | AB100: 93 | AC100: 21 | AD100: 115 | AE100: 26 | AF100: 17 | AG100: 39 | AH100: 22 | AI100: 5 | AJ100: 20 | AK100: 8 | AL100: 10 | AM100: 9 | AN100: 15 | AO100: 6 | AP100: 4 | AQ100: 5 | AR100: 10 | AS100: 2 | AT100: 7 | AU100: 7 | AV100: 26 | AW100: 983 | AX100: =+AC100/AC$102 -> 0.0336
D101: Grand Total | E101: 14656 | G101: Grand Total | H101: =SUM(H92:H100) -> 14298 | I101: =+H101-E101 -> -358 | N101: ROOM-SEA | O101: 5 | P101: 23 | Q101: 75 | R101: 170 | S101: 130 | T101: 127 | U101: 64 | V101: 21 | W101: 15 | X101: 8 | Y101: 56 | Z101: 41 | AA101: 92 | AB101: 75 | AC101: 119 | AD101: 138 | AE101: 136 | AF101: 69 | AG101: 78 | AH101: 68 | AI101: 130 | AJ101: 50 | AK101: 99 | AL101: 246 | AM101: 168 | AN101: 42 | AO101: 138 | AP101: 84 | AQ101: 25 | AR101: 54 | AS101: 69 | AT101: 72 | AU101: 73 | AV101: 118 | AW101: 2878 | AX101: =+AC101/AC$102 -> 0.1904
N102: Grand Total | O102: 10 | P102: 299 | Q102: 546 | R102: 1366 | S102: 937 | T102: 902 | U102: 466 | V102: 264 | W102: 200 | X102: 197 | Y102: 440 | Z102: 122 | AA102: 298 | AB102: 588 | AC102: 625 | AD102: 1015 | AE102: 412 | AF102: 284 | AG102: 382 | AH102: 353 | AI102: 342 | AJ102: 302 | AK102: 404 | AL102: 459 | AM102: 379 | AN102: 151 | AO102: 649 | AP102: 542 | AQ102: 198 | AR102: 295 | AS102: 296 | AT102: 224 | AU102: 345 | AV102: 364 | AW102: 14656
D104: Помещение | E104: 2026 | F104: 2025 | G104: ∆
B105: Link 2025↓ | D105: APP1-DELUXE | E105: 853 | F105: 778 | G105: =+E105-F105 -> 75
B106: =[1]refresh!$K$114 -> 0 | D106: APP1-POOL | E106: 3260 | F106: 1390 | G106: =+E106-F106 -> 1870
D107: APP1-PREMIUM | E107: 41 | F107: 73 | G107: =+E107-F107 -> -32
D108: APP1-SEA | E108: 1047 | F108: 1739 | G108: =+E108-F108 -> -692
D109: APP2-DELUXE | E109: 487 | F109: 416 | G109: =+E109-F109 -> 71
D110: APP2-POOL | E110: 826 | F110: 719 | G110: =+E110-F110 -> 107
D111: ROOM | E111: 4281 | F111: 6381 | G111: =+E111-F111 -> -2100
D112: ROOM-DELUXE | E112: 983 | F112: 1121 | G112: =+E112-F112 -> -138
D113: ROOM-SEA | E113: 2878 | F113: 3016 | G113: =+E113-F113 -> -138
D114: Grand Total | E114: =SUM(E105:E113) -> 14656 | F114: =SUM(F105:F113) -> 15633 | G114: =SUM(G105:G113) -> -977
D117: Брой дни в сезон | F117: =10+13 -> 23 | G117: =18+9+8+22 -> 57 | H117: =22+23 -> 45
F118: от 22.05 до 13.06 | G118: от 14.06 до 09.07 от 24.08 до 22.09 | H118: от 10.07 до 23.08 | P118: 18-24.05 | Q118: 25-31.05 | R118: 01-07.06.2026 | S118: 08-14.06.2026 | T118: 15-21.06.2026 | U118: 22-28.06.2026 | V118: 29.06-05.07.2026
D119: Помещение | E119: Брой помещения | F119: Заетост слаб | G119: Заетост среден | H119: Заетост силен | N119: Брой помещения | O119: Помещение | P119: 21 | Q119: 22 | R119: 23 | S119: 24 | T119: 25 | U119: 26 | V119: 27 | W119: 28 | X119: 29 | Y119: 30 | Z119: 31 | AA119: 32 | AB119: 33 | AC119: 34 | AD119: 35 | AE119: 36 | AF119: 37
D120: APP1-DELUXE | E120: 18 | F120: =(F135/($E120*F$117)) -> 0.04589372 | G120: =(G135/($E120*G$117)) -> 0.32553606 | H120: =(H135/($E120*H$117)) -> 0.60246914 | N120: 18 | O120: APP1-DELUXE | P120: =P136/(7*$N120) -> 0 | Q120: =Q136/(7*$N120) -> 0 | R120: =R136/(7*$N120) -> 0 | S120: =S136/(7*$N120) -> 0 | T120: =T136/(7*$N120) -> 0.22222222 | U120: =U136/(7*$N120) -> 0.5952381 | V120: =V136/(7*$N120) -> 0.6031746 | W120: =W136/(7*$N120) -> 0.38888889 | ... AF120: =AF136/(7*$N120) -> 0
D121: APP1-POOL | E121: 62 | F121: =(F136/($E121*F$117)) -> 0.056802244 | G121: =(G136/($E121*G$117)) -> 0.37775891 | H121: =(H136/($E121*H$117)) -> 0.68960573 | N121: 62 | O121: APP1-POOL | P121: =P137/(7*$N121) -> 0 | Q121: =Q137/(7*$N121) -> 0.020737327 | R121: =R137/(7*$N121) -> 0.057603687 | S121: =S137/(7*$N121) -> 0.023041475 | T121: =T137/(7*$N121) -> 0.099078341 | U121: =U137/(7*$N121) -> 0.45391705 | V121: =V137/(7*$N121) -> 0.62903226 | W121: =W137/(7*$N121) -> 0.34562212 | ... AF121: =AF137/(7*$N121) -> 0.029953917
D122: APP1-PREMIUM | E122: 4 | F122: =(F137/($E122*F$117)) -> 0.097826087 | G122: =(G137/($E122*G$117)) -> 0.030701754 | H122: =(H137/($E122*H$117)) -> 0.15 | N122: 4 | O122: APP1-PREMIUM | P122: =P138/(7*$N122) -> 0.17857143 | Q122: =Q138/(7*$N122) -> 0 | R122: =R138/(7*$N122) -> 0 | S122: =S138/(7*$N122) -> 0.28571429 | T122: =T138/(7*$N122) -> 0 | U122: =U138/(7*$N122) -> 0 | V122: =V138/(7*$N122) -> 0.21428571 | W122: =W138/(7*$N122) -> 0 | ... AF122: =AF138/(7*$N122) -> 0
D123: APP1-SEA | E123: 57 | F123: =(F138/($E123*F$117)) -> 0.029748284 | G123: =(G138/($E123*G$117)) -> 0.096029548 | H123: =(H138/($E123*H$117)) -> 0.27407407 | N123: 57 | O123: APP1-SEA | P123: =P139/(7*$N123) -> 0.012531328 | Q123: =Q139/(7*$N123) -> 0 | R123: =R139/(7*$N123) -> 0.01754386 | S123: =S139/(7*$N123) -> 0.035087719 | T123: =T139/(7*$N123) -> 0.050125313 | U123: =U139/(7*$N123) -> 0.087719298 | V123: =V139/(7*$N123) -> 0.12030075 | W123: =W139/(7*$N123) -> 0.030075188 | ... AF123: =AF139/(7*$N123) -> 0.01754386
D124: APP2-DELUXE | E124: 8 | F124: =(F139/($E124*F$117)) -> 0.14130435 | G124: =(G139/($E124*G$117)) -> 0.44298246 | H124: =(H139/($E124*H$117)) -> 0.825 | N124: 8 | O124: APP2-DELUXE | P124: =P140/(7*$N124) -> 0.089285714 | Q124: =Q140/(7*$N124) -> 0 | R124: =R140/(7*$N124) -> 0 | S124: =S140/(7*$N124) -> 0 | T124: =T140/(7*$N124) -> 0.44642857 | U124: =U140/(7*$N124) -> 0.69642857 | V124: =V140/(7*$N124) -> 0.73214286 | W124: =W140/(7*$N124) -> 0.26785714 | ... AF124: =AF140/(7*$N124) -> 0
D125: APP2-POOL | E125: 13 | F125: =(F140/($E125*F$117)) -> 0.15384615 | G125: =(G140/($E125*G$117)) -> 0.46018893 | H125: =(H140/($E125*H$117)) -> 0.81709402 | N125: 13 | O125: APP2-POOL | P125: =P141/(7*$N125) -> 0 | Q125: =Q141/(7*$N125) -> 0.032967033 | R125: =R141/(7*$N125) -> 0.098901099 | S125: =S141/(7*$N125) -> 0.13186813 | T125: =T141/(7*$N125) -> 0.25274725 | U125: =U141/(7*$N125) -> 0.7032967 | V125: =V141/(7*$N125) -> 0.54945055 | W125: =W141/(7*$N125) -> 0.36263736 | ... AF125: =AF141/(7*$N125) -> 0
D126: ROOM | E126: 159 | F126: =(F141/($E126*F$117)) -> 0.055783429 | G126: =(G141/($E126*G$117)) -> 0.20655412 | H126: =(H141/($E126*H$117)) -> 0.307058 | N126: 159 | O126: ROOM | P126: =P142/(7*$N126) -> 0 | Q126: =Q142/(7*$N126) -> 0.053908356 | R126: =R142/(7*$N126) -> 0.019766397 | S126: =S142/(7*$N126) -> 0.054806828 | T126: =T142/(7*$N126) -> 0.084456424 | U126: =U142/(7*$N126) -> 0.26864331 | V126: =V142/(7*$N126) -> 0.27403414 | W126: =W142/(7*$N126) -> 0.12488769 | ... AF126: =AF142/(7*$N126) -> 0.004492363
D127: ROOM-DELUXE | E127: 20 | F127: =(F142/($E127*F$117)) -> 0.067391304 | G127: =(G142/($E127*G$117)) -> 0.29824561 | H127: =(H142/($E127*H$117)) -> 0.66888889 | N127: 20 | O127: ROOM-DELUXE | P127: =P143/(7*$N127) -> 0 | Q127: =Q143/(7*$N127) -> 0 | R127: =R143/(7*$N127) -> 0 | S127: =S143/(7*$N127) -> 0.071428571 | T127: =T143/(7*$N127) -> 0.1 | U127: =U143/(7*$N127) -> 0.39285714 | V127: =V143/(7*$N127) -> 0.35714286 | W127: =W143/(7*$N127) -> 0.24285714 | ... AF127: =AF143/(7*$N127) -> 0
D128: ROOM-SEA | E128: 69 | F128: =(F143/($E128*F$117)) -> 0.071833648 | G128: =(G143/($E128*G$117)) -> 0.28197305 | H128: =(H143/($E128*H$117)) -> 0.48019324 | N128: 69 | O128: ROOM-SEA | P128: =P144/(7*$N128) -> 0 | Q128: =Q144/(7*$N128) -> 0.014492754 | R128: =R144/(7*$N128) -> 0.010351967 | S128: =S144/(7*$N128) -> 0.0062111801 | T128: =T144/(7*$N128) -> 0.2505176 | U128: =U144/(7*$N128) -> 0.17598344 | V128: =V144/(7*$N128) -> 0.24637681 | W128: =W144/(7*$N128) -> 0.064182195 | ... AF128: =AF144/(7*$N128) -> 0
D129: Grand Total | E129: =SUM(E120:E128) -> 410 | N129: =SUM(N120:N128) -> 410 | O129: Grand Total
D132: WeekNumber | E132: (All) | O132: WeekNumber | P132: (All)
D134: Row Labels | E134: Sum of Total | F134: Sum of Дни слаб | G134: Sum of Дни среден | H134: Sum of Дни силен | O134: Sum of Total | P134: Column Labels
...

Sheet Sunny
A1: Пристигане / Референция / Резервация | L1: Стойност
C2: Референтен номер | D2: Резервация номер | E2: Трансферно фолио | F2: Пристигане | G2: Престой | H2: Тип Стая | I2: Брой гости | J2: Име на гост | K2: Пансион
A6: 26 Jun 2026 | L6: 1810.7074
C7: 011924145/27 Nov 2025 | L7: 1810.7074
D8: 8871 | E8: #FL-803 СЪНИ ТУРС ОСНОВНО ФОЛИО | F8: 26 Jun 2026 | G8: 5 | H8: DBL SEA | I8: 3 + 0 | J8: Миглена Неделчева | K8: ALL | L8: 1810.7074
A9: 02 Jul 2026 | L9: 5216.492
C10: 011913494/29 Oct 2025 | L10: 2347.2894
D11: 8097 | E11: #FL-803 СЪНИ ТУРС ОСНОВНО ФОЛИО | F11: 02 Jul 2026 | G11: 7 | H11: APP1-POOL | I11: 2 + 2 | J11: Калоян Кръстев | K11: ALL | L11: 2347.2894
C12: 011918187/10 Nov 2025 | L12: 2869.2026
D13: 8327 | E13: #FL-803 СЪНИ ТУРС ОСНОВНО ФОЛИО | F13: 02 Jul 2026 | G13: 6 | H13: APP2-POOL | I13: 3 + 2 | J13: Йордан Терзиев | K13: ALL | L13: 2869.2026
A14: 04 Jul 2026 | L14: 4170.0251
C15: 011920667/17 Nov 2025 | L15: 1205.7692
D16: 8563 | E16: #FL-803 СЪНИ ТУРС ОСНОВНО ФОЛИО | F16: 04 Jul 2026 | G16: 5 | H16: ROOM | I16: 2 + 1 | J16: Добрин Каменов | K16: ЗАКУСКА, ОБЯД, ВЕЧЕРЯ | L16: 1205.7692
C17: 011920668/17 Nov 2025 | L17: 1205.7692
D18: 8564 | E18: #FL-803 СЪНИ ТУРС ОСНОВНО ФОЛИО | F18: 04 Jul 2026 | G18: 5 | H18: ROOM | I18: 2 + 1 | J18: Даниела Добрева | K18: ЗАКУСКА, ОБЯД, ВЕЧЕРЯ | L18: 1205.7692
C19: 011921870/20 Nov 2025 | L19: 844.03844
D20: 8644 | E20: #FL-803 СЪНИ ТУРС ОСНОВНО ФОЛИО | F20: 04 Jul 2026 | G20: 5 | H20: ROOM | I20: 1 + 1 | J20: Диляна Цанкова | K20: ЗАКУСКА, ОБЯД, ВЕЧЕРЯ | L20: 844.03844
C21: 011930249/18 Dec 2025 | L21: 914.44832
D22: 9141 | E22: #FL-803 СЪНИ ТУРС ОСНОВНО ФОЛИО | F22: 04 Jul 2026 | G22: 5 | H22: DBL | I22: 1 + 1 | J22: Валерия Иванова | K22: ALL | L22: 914.44832
A23: 05 Jul 2026 | L23: 2852.05
C24: 011941712/26 Jan 2026 | L24: 2852.05
D25: 9728 | E25: #FL-803 СЪНИ ТУРС ОСНОВНО ФОЛИО | F25: 05 Jul 2026 | G25: 7 | H25: APP1-POOL | I25: 3 + 0 | J25: Златомир Каменов | K25: ALL | L25: 2852.05
A26: 14 Jul 2026 | L26: 3445.6835
C27: 011920577/18 Nov 2025 | L27: 1446.1407
D28: 8596 | E28: #FL-803 СЪНИ ТУРС ОСНОВНО ФОЛИО | F28: 14 Jul 2026 | G28: 5 | H28: DBL | I28: 2 + 1 | J28: Петя Кючукова | K28: ALL | L28: 1446.1407
C29: 0119205777/18 Nov 2025 | L29: 1999.5428
D30: 8597 | E30: #FL-803 СЪНИ ТУРС ОСНОВНО ФОЛИО | F30: 14 Jul 2026 | G30: 5 | H30: DBL SEA | I30: 3 + 0 | J30: Петя Кючукова | K30: ALL | L30: 1999.5428
A31: 18 Jul 2026 | L31: 1914.2099
C32: 011933749/06 Jan 2026 | L32: 1914.2099
D33: 9360 | E33: #FL-803 СЪНИ ТУРС ОСНОВНО ФОЛИО | F33: 18 Jul 2026 | G33: 6 | H33: DBL SEA | I33: 2 + 1 | J33: Ася Лазова | K33: ALL | L33: 1914.2099
A34: 19 Jul 2026 | L34: 2734.485
C35: 011975977/15 May 2026 | L35: 2734.485
D36: 11491 | E36: #FL-803 СЪНИ ТУРС ОСНОВНО ФОЛИО | F36: 19 Jul 2026 | G36: 6 | H36: DBL SEA | I36: 2 + 1 | J36: Цвета Илиева | K36: ALL | L36: 2734.485
A37: 20 Jul 2026 | L37: 4870.4861
C38: 011968678/15 Apr 2026 | L38: 2136.0011
D39: 10938 | E39: #FL-803 СЪНИ ТУРС ОСНОВНО ФОЛИО | F39: 20 Jul 2026 | G39: 6 | H39: DBL | I39: 2 + 1 | J39: Анелия Василева | K39: ALL | L39: 2136.0011
C40: 011978134/26 May 2026 | L40: 2734.485
D41: 11710 | E41: #FL-803 СЪНИ ТУРС ОСНОВНО ФОЛИО | F41: 20 Jul 2026 | G41: 6 | H41: DBL SEA | I41: 2 + 0 | J41: Денимир Динчев | K41: ALL | L41: 2734.485
A42: 27 Jul 2026 | L42: 2461.1774
C43: 011916336/06 Nov 2025 | L43: 2461.1774
D44: 8189 | E44: #FL-803 СЪНИ ТУРС ОСНОВНО ФОЛИО | F44: 27 Jul 2026 | G44: 9 | H44: APP1-POOL | I44: 2 + 1 | J44: Силвия Начкова | K44: ЗАКУСКА, ОБЯД, ВЕЧЕРЯ | L44: 2461.1774
A45: 04 Aug 2026 | L45: 1999.5428
C46: 011927011/16 Dec 2025 | L46: 1999.5428
D47: 9119 | E47: #FL-803 СЪНИ ТУРС ОСНОВНО ФОЛИО | F47: 04 Aug 2026 | G47: 5 | H47: APP1-POOL | I47: 3 + 1 | J47: Илияна Арабаджийска | K47: ALL | L47: 1999.5428
A48: 10 Aug 2026 | L48: 1709.1998
C49: 011961531/17 Mar 2026 | L49: 1709.1998
D50: 10573 | E50: #FL-803 СЪНИ ТУРС ОСНОВНО ФОЛИО | F50: 10 Aug 2026 | G50: 5 | H50: DBL SEA | I50: 2 + 1 | J50: Марина Томова | K50: ALL | L50: 1709.1998
A51: 15 Aug 2026 | L51: 6290.7316
C52: 011932194/30 Dec 2025 | L52: 1446.1407
D53: 9254 | E53: #FL-803 СЪНИ ТУРС ОСНОВНО ФОЛИО | F53: 15 Aug 2026 | G53: 5 | H53: DBL | I53: 2 + 1 | J53: Снежана Желязкова | K53: ALL | L53: 1446.1407
C54: 0119321944/30 Dec 2025 | L54: 1952.3095
D55: 9255 | E55: #FL-803 СЪНИ ТУРС ОСНОВНО ФОЛИО | F55: 15 Aug 2026 | G55: 5 | H55: DBL | I55: 3 + 0 | J55: Снежана Желязкова | K55: ALL | L55: 1952.3095
C56: 0119321945/30 Dec 2025 | L56: 1446.1407
D57: 9256 | E57: #FL-803 СЪНИ ТУРС ОСНОВНО ФОЛИО | F57: 15 Aug 2026 | G57: 5 | H57: DBL | I57: 2 + 0 | J57: Снежана Желязкова | K57: ALL | L57: 1446.1407
C58: 0119321946/30 Dec 2025 | L58: 1446.1407
D59: 9257 | E59: #FL-803 СЪНИ ТУРС ОСНОВНО ФОЛИО | F59: 15 Aug 2026 | G59: 5 | H59: DBL | I59: 2 + 0 | J59: Снежана Желязкова | K59: ALL | L59: 1446.1407
A60: 22 Aug 2026 | L60: 1702.7652
C61: 011924823/28 Nov 2025 | L61: 1702.7652
D62: 8899 | E62: #FL-803 СЪНИ ТУРС ОСНОВНО ФОЛИО | F62: 22 Aug 2026 | G62: 5 | H62: DBL | I62: 2 + 2 | J62: Кристина Баирска | K62: ALL | L62: 1702.7652
A63: 31 Aug 2026 | L63: 1600.1819
C64: 011925913/01 Dec 2025 | L64: 1600.1819
D65: 9001 | E65: #FL-803 СЪНИ ТУРС ОСНОВНО ФОЛИО | F65: 31 Aug 2026 | G65: 7 | H65: DBL | I65: 2 + 1 | J65: Емил Кирчев | K65: ALL | L65: 1600.1819
A66: 02 Sep 2026 | L66: 1908.4598
C67: 011927521/08 Dec 2025 | L67: 1908.4598
D68: 9046 | E68: #FL-803 СЪНИ ТУРС ОСНОВНО ФОЛИО | F68: 02 Sep 2026 | G68: 6 | H68: DBL SEA | I68: 3 + 1 | J68: Тихомир Иванов | K68: ALL | L68: 1908.4598
L69: #VALUE!

Sheet Booking
A1: Пристигане / Референция / Резервация | L1: Стойност
C2: Референтен номер | D2: Резервация номер | E2: Трансферно фолио | F2: Пристигане | G2: Престой | H2: Тип Стая | I2: Брой гости | J2: Име на гост | K2: Пансион
C7: Референтен номер | D7: Резервация номер | E7: Трансферно фолио | F7: Пристигане | G7: Престой | H7: Тип Стая | I7: Брой гости | J7: Име на гост | K7: Пансион
A8: 22 May 2026 | L8: 643.11602
C9: 5388886847/16 May 2026 | L9: 643.11602
D10: 11502 | F10: 22 May 2026 | G10: 2 | H10: ROOM-SEA | I10: 2 + 2 | J10: ALEXANDRU MATEESCU | K10: ЗАКУСКА, ОБЯД, ВЕЧЕРЯ | L10: 643.11602
A11: 23 May 2026 | L11: 950.53338
C12: 5897722161/22 May 2026 | L12: 950.53338
D13: 11628 | F13: 23 May 2026 | G13: 2 | H13: APP2-DELUXE | I13: 2 + 2 | J13: ROSEN NIKOLOV | K13: ВЕЧЕРЯ, ОБЯД, ЗАКУСКА | L13: 950.53338
A14: 24 May 2026 | L14: 1523.1613
C15: 5044609586/29 Apr 2026 | L15: 1029.0013
D16: 11227 | F16: 24 May 2026 | G16: 4 | H16: APP1-POOL | I16: 2 + 1 | J16: ИВАЙЛО КЮРКЧИЕВ | K16: ВЕЧЕРЯ, ОБЯД, ЗАКУСКА | L16: 1029.0013
C17: 5581457395/16 May 2026 | L17: 494.16001
D18: 11494 | F18: 24 May 2026 | G18: 1 | H18: ROOM | I18: 2 + 0 | J18: ТОДОРА ПИНГЕЛОВА | K18: ВЕЧЕРЯ, ОБЯД, ЗАКУСКА | L18: 247.08
D19: 11495 | F19: 24 May 2026 | G19: 1 | H19: ROOM | I19: 2 + 0 | J19: СТОЙКО ГЕШЕВ | K19: ВЕЧЕРЯ, ОБЯД, ЗАКУСКА | L19: 247.08
A20: 26 May 2026 | L20: 1685.9255
C21: 6339199863/02 May 2026 | L21: 1685.9255
D22: 11290 | F22: 26 May 2026 | G22: 4 | H22: APP2-POOL | I22: 4 + 0 | J22: GHEORGHE PRISACARIU | K22: ВЕЧЕРЯ, ОБЯД, ЗАКУСКА | L22: 1685.9255
A23: 27 May 2026 | L23: 494.16001
C24: 6894523037/22 May 2026 | L24: 494.16001
D25: 11624 | F25: 27 May 2026 | G25: 2 | H25: ROOM | I25: 2 + 0 | J25: РУМЯНКА АТАНАСОВА | K25: ВЕЧЕРЯ, ОБЯД, ЗАКУСКА | L25: 494.16001
A26: 28 May 2026 | L26: 526.11827
C27: 5928143734/21 May 2026 | L27: 526.11827
D28: 11615 | F28: 28 May 2026 | G28: 2 | H28: ROOM-DELUXE | I28: 2 + 0 | J28: ALIN ALEXANDRU ADAM | K28: ВЕЧЕРЯ, ОБЯД, ЗАКУСКА | L28: 526.11827
A29: 29 May 2026 | L29: 29758.462
C30: 5012762772/30 Apr 2026 | L30: 1264.4441
D31: 11252 | F31: 29 May 2026 | G31: 3 | H31: APP2-POOL | I31: 4 + 1 | J31: CLAUDIU ADRIAN MAN | K31: ВЕЧЕРЯ, ОБЯД, ЗАКУСКА | L31: 1264.4441
C32: 5050826257/10 Jan 2026 | L32: 514.50064
D33: 9423 | F33: 29 May 2026 | G33: 2 | H33: ROOM-SEA | I33: 2 + 0 | J33: GEORGIANA CA ROSNOVSCHI AGRECE | K33: ЗАКУСКА, ОБЯД, ВЕЧЕРЯ | L33: 514.50064
C34: 5052950055/18 May 2026 | L34: 1000.7004
D35: 11558 | F35: 29 May 2026 | G35: 3 | H35: ROOM | I35: 2 + 2 | J35: MIHAIL OVIDIU GIUGULETE | K35: ВЕЧЕРЯ, ОБЯД, ЗАКУСКА | L35: 1000.7004
C36: 5054456377/12 May 2026 | L36: 789.17741
D37: 11466 | F37: 29 May 2026 | G37: 3 | H37: ROOM-DELUXE | I37: 2 + 1 | J37: Roxana Ioana Ilinca | K37: ВЕЧЕРЯ, ОБЯД, ЗАКУСКА | L37: 789.17741
C38: 5246782143/27 May 2026 | L38: 694.59347
D39: 11816 | F39: 29 May 2026 | G39: 2 | H39: APP1-POOL | I39: 3 + 0 | J39: IOANA IULIA JALBA | K39: ВЕЧЕРЯ, ОБЯД, ЗАКУСКА | L39: 694.59347
C40: 5359634272/05 May 2026 | L40: 789.17741
D41: 11324 | F41: 29 May 2026 | G41: 3 | H41: ROOM-DELUXE | I41: 2 + 0 | J41: MIRELA RACIANU | K41: ВЕЧЕРЯ, ОБЯД, ЗАКУСКА | L41: 789.17741
C42: 5381744256/12 Feb 2026 | L42: 1264.4441
